,interval_start,missflg,15_min_chunk,date
0,2023-12-09 00:00:00,True,00:00:00,2023-12-09
1,2023-12-09 00:15:00,True,00:15:00,2023-12-09
2,2023-12-09 00:30:00,True,00:30:00,2023-12-09
3,2023-12-09 00:45:00,True,00:45:00,2023-12-09
4,2023-12-09 01:00:00,True,01:00:00,2023-12-09
5,2023-12-09 01:15:00,True,01:15:00,2023-12-09
6,2023-12-09 01:30:00,True,01:30:00,2023-12-09
7,2023-12-09 01:45:00,True,01:45:00,2023-12-09
8,2023-12-09 02:00:00,True,02:00:00,2023-12-09
9,2023-12-09 02:15:00,True,02:15:00,2023-12-09
10,2023-12-09 02:30:00,True,02:30:00,2023-12-09
11,2023-12-09 02:45:00,True,02:45:00,2023-12-09
12,2023-12-09 03:00:00,True,03:00:00,2023-12-09
13,2023-12-09 03:15:00,True,03:15:00,2023-12-09
14,2023-12-09 03:30:00,True,03:30:00,2023-12-09
15,2023-12-09 03:45:00,True,03:45:00,2023-12-09
16,2023-12-09 04:00:00,True,04:00:00,2023-12-09
17,2023-12-09 04:15:00,True,04:15:00,2023-12-09
18,2023-12-09 04:30:00,True,04:30:00,2023-12-09
19,2023-12-09 04:45:00,True,04:45:00,2023-12-09
20,2023-12-09 05:00:00,True,05:00:00,2023-12-09
21,2023-12-09 05:15:00,True,05:15:00,2023-12-09
22,2023-12-09 05:30:00,True,05:30:00,2023-12-09
23,2023-12-09 05:45:00,True,05:45:00,2023-12-09
24,2023-12-09 06:00:00,True,06:00:00,2023-12-09
25,2023-12-09 06:15:00,True,06:15:00,2023-12-09
26,2023-12-09 06:30:00,True,06:30:00,2023-12-09
27,2023-12-09 06:45:00,True,06:45:00,2023-12-09
28,2023-12-09 07:00:00,True,07:00:00,2023-12-09
29,2023-12-09 07:15:00,True,07:15:00,2023-12-09
30,2023-12-09 07:30:00,True,07:30:00,2023-12-09
31,2023-12-09 07:45:00,True,07:45:00,2023-12-09
32,2023-12-09 08:00:00,True,08:00:00,2023-12-09
33,2023-12-09 08:15:00,True,08:15:00,2023-12-09
34,2023-12-09 08:30:00,True,08:30:00,2023-12-09
35,2023-12-09 08:45:00,True,08:45:00,2023-12-09
36,2023-12-09 09:00:00,True,09:00:00,2023-12-09
37,2023-12-09 09:15:00,True,09:15:00,2023-12-09
38,2023-12-09 09:30:00,True,09:30:00,2023-12-09
39,2023-12-09 09:45:00,True,09:45:00,2023-12-09
40,2023-12-09 10:00:00,True,10:00:00,2023-12-09
41,2023-12-09 10:15:00,True,10:15:00,2023-12-09
42,2023-12-09 10:30:00,True,10:30:00,2023-12-09
43,2023-12-09 10:45:00,True,10:45:00,2023-12-09
44,2023-12-09 11:00:00,True,11:00:00,2023-12-09
45,2023-12-09 11:15:00,True,11:15:00,2023-12-09
46,2023-12-09 11:30:00,True,11:30:00,2023-12-09
47,2023-12-09 11:45:00,True,11:45:00,2023-12-09
48,2023-12-09 12:00:00,True,12:00:00,2023-12-09
49,2023-12-09 12:15:00,True,12:15:00,2023-12-09
50,2023-12-09 12:30:00,True,12:30:00,2023-12-09
51,2023-12-09 12:45:00,True,12:45:00,2023-12-09
52,2023-12-09 13:00:00,True,13:00:00,2023-12-09
53,2023-12-09 13:15:00,True,13:15:00,2023-12-09
54,2023-12-09 13:30:00,True,13:30:00,2023-12-09
55,2023-12-09 13:45:00,True,13:45:00,2023-12-09
56,2023-12-09 14:00:00,True,14:00:00,2023-12-09
57,2023-12-09 14:15:00,True,14:15:00,2023-12-09
58,2023-12-09 14:30:00,True,14:30:00,2023-12-09
59,2023-12-09 14:45:00,False,14:45:00,2023-12-09
60,2023-12-09 15:00:00,False,15:00:00,2023-12-09
61,2023-12-09 15:15:00,False,15:15:00,2023-12-09
62,2023-12-09 15:30:00,False,15:30:00,2023-12-09
63,2023-12-09 15:45:00,False,15:45:00,2023-12-09
64,2023-12-09 16:00:00,False,16:00:00,2023-12-09
65,2023-12-09 16:15:00,False,16:15:00,2023-12-09
66,2023-12-09 16:30:00,False,16:30:00,2023-12-09
67,2023-12-09 16:45:00,False,16:45:00,2023-12-09
68,2023-12-09 17:00:00,False,17:00:00,2023-12-09
69,2023-12-09 17:15:00,False,17:15:00,2023-12-09
70,2023-12-09 17:30:00,False,17:30:00,2023-12-09
71,2023-12-09 17:45:00,True,17:45:00,2023-12-09
72,2023-12-09 18:00:00,True,18:00:00,2023-12-09
73,2023-12-09 18:15:00,True,18:15:00,2023-12-09
74,2023-12-09 18:30:00,True,18:30:00,2023-12-09
75,2023-12-09 18:45:00,True,18:45:00,2023-12-09
76,2023-12-09 19:00:00,True,19:00:00,2023-12-09
77,2023-12-09 19:15:00,True,19:15:00,2023-12-09
78,2023-12-09 19:30:00,True,19:30:00,2023-12-09
79,2023-12-09 19:45:00,True,19:45:00,2023-12-09
80,2023-12-09 20:00:00,True,20:00:00,2023-12-09
81,2023-12-09 20:15:00,True,20:15:00,2023-12-09
82,2023-12-09 20:30:00,True,20:30:00,2023-12-09
83,2023-12-09 20:45:00,True,20:45:00,2023-12-09
84,2023-12-09 21:00:00,True,21:00:00,2023-12-09
85,2023-12-09 21:15:00,True,21:15:00,2023-12-09
86,2023-12-09 21:30:00,True,21:30:00,2023-12-09
87,2023-12-09 21:45:00,True,21:45:00,2023-12-09
88,2023-12-09 22:00:00,True,22:00:00,2023-12-09
89,2023-12-09 22:15:00,True,22:15:00,2023-12-09
90,2023-12-09 22:30:00,True,22:30:00,2023-12-09
91,2023-12-09 22:45:00,True,22:45:00,2023-12-09
92,2023-12-09 23:00:00,True,23:00:00,2023-12-09
93,2023-12-09 23:15:00,True,23:15:00,2023-12-09
94,2023-12-09 23:30:00,True,23:30:00,2023-12-09
95,2023-12-09 23:45:00,True,23:45:00,2023-12-09
96,2023-12-10 00:00:00,True,00:00:00,2023-12-10
97,2023-12-10 00:15:00,True,00:15:00,2023-12-10
98,2023-12-10 00:30:00,True,00:30:00,2023-12-10
99,2023-12-10 00:45:00,True,00:45:00,2023-12-10
100,2023-12-10 01:00:00,True,01:00:00,2023-12-10
101,2023-12-10 01:15:00,True,01:15:00,2023-12-10
102,2023-12-10 01:30:00,True,01:30:00,2023-12-10
103,2023-12-10 01:45:00,True,01:45:00,2023-12-10
104,2023-12-10 02:00:00,True,02:00:00,2023-12-10
105,2023-12-10 02:15:00,True,02:15:00,2023-12-10
106,2023-12-10 02:30:00,True,02:30:00,2023-12-10
107,2023-12-10 02:45:00,True,02:45:00,2023-12-10
108,2023-12-10 03:00:00,True,03:00:00,2023-12-10
109,2023-12-10 03:15:00,True,03:15:00,2023-12-10
110,2023-12-10 03:30:00,True,03:30:00,2023-12-10
111,2023-12-10 03:45:00,True,03:45:00,2023-12-10
112,2023-12-10 04:00:00,True,04:00:00,2023-12-10
113,2023-12-10 04:15:00,True,04:15:00,2023-12-10
114,2023-12-10 04:30:00,True,04:30:00,2023-12-10
115,2023-12-10 04:45:00,True,04:45:00,2023-12-10
116,2023-12-10 05:00:00,True,05:00:00,2023-12-10
117,2023-12-10 05:15:00,True,05:15:00,2023-12-10
118,2023-12-10 05:30:00,True,05:30:00,2023-12-10
119,2023-12-10 05:45:00,True,05:45:00,2023-12-10
120,2023-12-10 06:00:00,True,06:00:00,2023-12-10
121,2023-12-10 06:15:00,True,06:15:00,2023-12-10
122,2023-12-10 06:30:00,True,06:30:00,2023-12-10
123,2023-12-10 06:45:00,True,06:45:00,2023-12-10
124,2023-12-10 07:00:00,True,07:00:00,2023-12-10
125,2023-12-10 07:15:00,True,07:15:00,2023-12-10
126,2023-12-10 07:30:00,True,07:30:00,2023-12-10
127,2023-12-10 07:45:00,True,07:45:00,2023-12-10
128,2023-12-10 08:00:00,True,08:00:00,2023-12-10
129,2023-12-10 08:15:00,False,08:15:00,2023-12-10
130,2023-12-10 08:30:00,False,08:30:00,2023-12-10
131,2023-12-10 08:45:00,False,08:45:00,2023-12-10
132,2023-12-10 09:00:00,False,09:00:00,2023-12-10
133,2023-12-10 09:15:00,False,09:15:00,2023-12-10
134,2023-12-10 09:30:00,False,09:30:00,2023-12-10
135,2023-12-10 09:45:00,False,09:45:00,2023-12-10
136,2023-12-10 10:00:00,False,10:00:00,2023-12-10
137,2023-12-10 10:15:00,False,10:15:00,2023-12-10
138,2023-12-10 10:30:00,False,10:30:00,2023-12-10
139,2023-12-10 10:45:00,False,10:45:00,2023-12-10
140,2023-12-10 11:00:00,False,11:00:00,2023-12-10
141,2023-12-10 11:15:00,False,11:15:00,2023-12-10
142,2023-12-10 11:30:00,False,11:30:00,2023-12-10
143,2023-12-10 11:45:00,False,11:45:00,2023-12-10
144,2023-12-10 12:00:00,False,12:00:00,2023-12-10
145,2023-12-10 12:15:00,False,12:15:00,2023-12-10
146,2023-12-10 12:30:00,False,12:30:00,2023-12-10
147,2023-12-10 12:45:00,False,12:45:00,2023-12-10
148,2023-12-10 13:00:00,False,13:00:00,2023-12-10
149,2023-12-10 13:15:00,False,13:15:00,2023-12-10
150,2023-12-10 13:30:00,True,13:30:00,2023-12-10
151,2023-12-10 13:45:00,True,13:45:00,2023-12-10
152,2023-12-10 14:00:00,True,14:00:00,2023-12-10
153,2023-12-10 14:15:00,True,14:15:00,2023-12-10
154,2023-12-10 14:30:00,True,14:30:00,2023-12-10
155,2023-12-10 14:45:00,True,14:45:00,2023-12-10
156,2023-12-10 15:00:00,True,15:00:00,2023-12-10
157,2023-12-10 15:15:00,True,15:15:00,2023-12-10
158,2023-12-10 15:30:00,True,15:30:00,2023-12-10
159,2023-12-10 15:45:00,True,15:45:00,2023-12-10
160,2023-12-10 16:00:00,True,16:00:00,2023-12-10
161,2023-12-10 16:15:00,True,16:15:00,2023-12-10
162,2023-12-10 16:30:00,True,16:30:00,2023-12-10
163,2023-12-10 16:45:00,True,16:45:00,2023-12-10
164,2023-12-10 17:00:00,True,17:00:00,2023-12-10
165,2023-12-10 17:15:00,True,17:15:00,2023-12-10
166,2023-12-10 17:30:00,True,17:30:00,2023-12-10
167,2023-12-10 17:45:00,True,17:45:00,2023-12-10
168,2023-12-10 18:00:00,True,18:00:00,2023-12-10
169,2023-12-10 18:15:00,True,18:15:00,2023-12-10
170,2023-12-10 18:30:00,True,18:30:00,2023-12-10
171,2023-12-10 18:45:00,True,18:45:00,2023-12-10
172,2023-12-10 19:00:00,True,19:00:00,2023-12-10
173,2023-12-10 19:15:00,True,19:15:00,2023-12-10
174,2023-12-10 19:30:00,True,19:30:00,2023-12-10
175,2023-12-10 19:45:00,True,19:45:00,2023-12-10
176,2023-12-10 20:00:00,True,20:00:00,2023-12-10
177,2023-12-10 20:15:00,True,20:15:00,2023-12-10
178,2023-12-10 20:30:00,True,20:30:00,2023-12-10
179,2023-12-10 20:45:00,True,20:45:00,2023-12-10
180,2023-12-10 21:00:00,True,21:00:00,2023-12-10
181,2023-12-10 21:15:00,True,21:15:00,2023-12-10
182,2023-12-10 21:30:00,True,21:30:00,2023-12-10
183,2023-12-10 21:45:00,True,21:45:00,2023-12-10
184,2023-12-10 22:00:00,True,22:00:00,2023-12-10
185,2023-12-10 22:15:00,True,22:15:00,2023-12-10
186,2023-12-10 22:30:00,True,22:30:00,2023-12-10
187,2023-12-10 22:45:00,True,22:45:00,2023-12-10
188,2023-12-10 23:00:00,True,23:00:00,2023-12-10
189,2023-12-10 23:15:00,True,23:15:00,2023-12-10
190,2023-12-10 23:30:00,True,23:30:00,2023-12-10
191,2023-12-10 23:45:00,True,23:45:00,2023-12-10
192,2023-12-11 00:00:00,True,00:00:00,2023-12-11
193,2023-12-11 00:15:00,True,00:15:00,2023-12-11
194,2023-12-11 00:30:00,True,00:30:00,2023-12-11
195,2023-12-11 00:45:00,True,00:45:00,2023-12-11
196,2023-12-11 01:00:00,True,01:00:00,2023-12-11
197,2023-12-11 01:15:00,True,01:15:00,2023-12-11
198,2023-12-11 01:30:00,True,01:30:00,2023-12-11
199,2023-12-11 01:45:00,True,01:45:00,2023-12-11
200,2023-12-11 02:00:00,True,02:00:00,2023-12-11
201,2023-12-11 02:15:00,True,02:15:00,2023-12-11
202,2023-12-11 02:30:00,True,02:30:00,2023-12-11
203,2023-12-11 02:45:00,True,02:45:00,2023-12-11
204,2023-12-11 03:00:00,True,03:00:00,2023-12-11
205,2023-12-11 03:15:00,True,03:15:00,2023-12-11
206,2023-12-11 03:30:00,True,03:30:00,2023-12-11
207,2023-12-11 03:45:00,True,03:45:00,2023-12-11
208,2023-12-11 04:00:00,True,04:00:00,2023-12-11
209,2023-12-11 04:15:00,True,04:15:00,2023-12-11
210,2023-12-11 04:30:00,True,04:30:00,2023-12-11
211,2023-12-11 04:45:00,True,04:45:00,2023-12-11
212,2023-12-11 05:00:00,True,05:00:00,2023-12-11
213,2023-12-11 05:15:00,True,05:15:00,2023-12-11
214,2023-12-11 05:30:00,True,05:30:00,2023-12-11
215,2023-12-11 05:45:00,True,05:45:00,2023-12-11
216,2023-12-11 06:00:00,True,06:00:00,2023-12-11
217,2023-12-11 06:15:00,True,06:15:00,2023-12-11
218,2023-12-11 06:30:00,True,06:30:00,2023-12-11
219,2023-12-11 06:45:00,True,06:45:00,2023-12-11
220,2023-12-11 07:00:00,True,07:00:00,2023-12-11
221,2023-12-11 07:15:00,True,07:15:00,2023-12-11
222,2023-12-11 07:30:00,True,07:30:00,2023-12-11
223,2023-12-11 07:45:00,True,07:45:00,2023-12-11
224,2023-12-11 08:00:00,True,08:00:00,2023-12-11
225,2023-12-11 08:15:00,True,08:15:00,2023-12-11
226,2023-12-11 08:30:00,True,08:30:00,2023-12-11
227,2023-12-11 08:45:00,True,08:45:00,2023-12-11
228,2023-12-11 09:00:00,True,09:00:00,2023-12-11
229,2023-12-11 09:15:00,True,09:15:00,2023-12-11
230,2023-12-11 09:30:00,True,09:30:00,2023-12-11
231,2023-12-11 09:45:00,True,09:45:00,2023-12-11
232,2023-12-11 10:00:00,True,10:00:00,2023-12-11
233,2023-12-11 10:15:00,True,10:15:00,2023-12-11
234,2023-12-11 10:30:00,True,10:30:00,2023-12-11
235,2023-12-11 10:45:00,True,10:45:00,2023-12-11
236,2023-12-11 11:00:00,True,11:00:00,2023-12-11
237,2023-12-11 11:15:00,True,11:15:00,2023-12-11
238,2023-12-11 11:30:00,True,11:30:00,2023-12-11
239,2023-12-11 11:45:00,True,11:45:00,2023-12-11
240,2023-12-11 12:00:00,True,12:00:00,2023-12-11
241,2023-12-11 12:15:00,True,12:15:00,2023-12-11
242,2023-12-11 12:30:00,True,12:30:00,2023-12-11
243,2023-12-11 12:45:00,True,12:45:00,2023-12-11
244,2023-12-11 13:00:00,True,13:00:00,2023-12-11
245,2023-12-11 13:15:00,True,13:15:00,2023-12-11
246,2023-12-11 13:30:00,True,13:30:00,2023-12-11
247,2023-12-11 13:45:00,True,13:45:00,2023-12-11
248,2023-12-11 14:00:00,True,14:00:00,2023-12-11
249,2023-12-11 14:15:00,True,14:15:00,2023-12-11
250,2023-12-11 14:30:00,True,14:30:00,2023-12-11
251,2023-12-11 14:45:00,True,14:45:00,2023-12-11
252,2023-12-11 15:00:00,True,15:00:00,2023-12-11
253,2023-12-11 15:15:00,True,15:15:00,2023-12-11
254,2023-12-11 15:30:00,True,15:30:00,2023-12-11
255,2023-12-11 15:45:00,True,15:45:00,2023-12-11
256,2023-12-11 16:00:00,True,16:00:00,2023-12-11
257,2023-12-11 16:15:00,True,16:15:00,2023-12-11
258,2023-12-11 16:30:00,True,16:30:00,2023-12-11
259,2023-12-11 16:45:00,True,16:45:00,2023-12-11
260,2023-12-11 17:00:00,True,17:00:00,2023-12-11
261,2023-12-11 17:15:00,True,17:15:00,2023-12-11
262,2023-12-11 17:30:00,True,17:30:00,2023-12-11
263,2023-12-11 17:45:00,True,17:45:00,2023-12-11
264,2023-12-11 18:00:00,True,18:00:00,2023-12-11
265,2023-12-11 18:15:00,True,18:15:00,2023-12-11
266,2023-12-11 18:30:00,True,18:30:00,2023-12-11
267,2023-12-11 18:45:00,True,18:45:00,2023-12-11
268,2023-12-11 19:00:00,True,19:00:00,2023-12-11
269,2023-12-11 19:15:00,True,19:15:00,2023-12-11
270,2023-12-11 19:30:00,True,19:30:00,2023-12-11
271,2023-12-11 19:45:00,True,19:45:00,2023-12-11
272,2023-12-11 20:00:00,True,20:00:00,2023-12-11
273,2023-12-11 20:15:00,True,20:15:00,2023-12-11
274,2023-12-11 20:30:00,True,20:30:00,2023-12-11
275,2023-12-11 20:45:00,True,20:45:00,2023-12-11
276,2023-12-11 21:00:00,True,21:00:00,2023-12-11
277,2023-12-11 21:15:00,True,21:15:00,2023-12-11
278,2023-12-11 21:30:00,True,21:30:00,2023-12-11
279,2023-12-11 21:45:00,True,21:45:00,2023-12-11
280,2023-12-11 22:00:00,True,22:00:00,2023-12-11
281,2023-12-11 22:15:00,True,22:15:00,2023-12-11
282,2023-12-11 22:30:00,True,22:30:00,2023-12-11
283,2023-12-11 22:45:00,True,22:45:00,2023-12-11
284,2023-12-11 23:00:00,True,23:00:00,2023-12-11
285,2023-12-11 23:15:00,True,23:15:00,2023-12-11
286,2023-12-11 23:30:00,True,23:30:00,2023-12-11
287,2023-12-11 23:45:00,True,23:45:00,2023-12-11
288,2023-12-12 00:00:00,True,00:00:00,2023-12-12
289,2023-12-12 00:15:00,True,00:15:00,2023-12-12
290,2023-12-12 00:30:00,True,00:30:00,2023-12-12
291,2023-12-12 00:45:00,True,00:45:00,2023-12-12
292,2023-12-12 01:00:00,True,01:00:00,2023-12-12
293,2023-12-12 01:15:00,True,01:15:00,2023-12-12
294,2023-12-12 01:30:00,True,01:30:00,2023-12-12
295,2023-12-12 01:45:00,True,01:45:00,2023-12-12
296,2023-12-12 02:00:00,True,02:00:00,2023-12-12
297,2023-12-12 02:15:00,True,02:15:00,2023-12-12
298,2023-12-12 02:30:00,True,02:30:00,2023-12-12
299,2023-12-12 02:45:00,True,02:45:00,2023-12-12
300,2023-12-12 03:00:00,True,03:00:00,2023-12-12
301,2023-12-12 03:15:00,True,03:15:00,2023-12-12
302,2023-12-12 03:30:00,True,03:30:00,2023-12-12
303,2023-12-12 03:45:00,True,03:45:00,2023-12-12
304,2023-12-12 04:00:00,True,04:00:00,2023-12-12
305,2023-12-12 04:15:00,True,04:15:00,2023-12-12
306,2023-12-12 04:30:00,True,04:30:00,2023-12-12
307,2023-12-12 04:45:00,True,04:45:00,2023-12-12
308,2023-12-12 05:00:00,True,05:00:00,2023-12-12
309,2023-12-12 05:15:00,True,05:15:00,2023-12-12
310,2023-12-12 05:30:00,True,05:30:00,2023-12-12
311,2023-12-12 05:45:00,True,05:45:00,2023-12-12
312,2023-12-12 06:00:00,True,06:00:00,2023-12-12
313,2023-12-12 06:15:00,True,06:15:00,2023-12-12
314,2023-12-12 06:30:00,True,06:30:00,2023-12-12
315,2023-12-12 06:45:00,True,06:45:00,2023-12-12
316,2023-12-12 07:00:00,True,07:00:00,2023-12-12
317,2023-12-12 07:15:00,True,07:15:00,2023-12-12
318,2023-12-12 07:30:00,True,07:30:00,2023-12-12
319,2023-12-12 07:45:00,True,07:45:00,2023-12-12
320,2023-12-12 08:00:00,True,08:00:00,2023-12-12
321,2023-12-12 08:15:00,True,08:15:00,2023-12-12
322,2023-12-12 08:30:00,True,08:30:00,2023-12-12
323,2023-12-12 08:45:00,True,08:45:00,2023-12-12
324,2023-12-12 09:00:00,True,09:00:00,2023-12-12
325,2023-12-12 09:15:00,True,09:15:00,2023-12-12
326,2023-12-12 09:30:00,True,09:30:00,2023-12-12
327,2023-12-12 09:45:00,True,09:45:00,2023-12-12
328,2023-12-12 10:00:00,True,10:00:00,2023-12-12
329,2023-12-12 10:15:00,True,10:15:00,2023-12-12
330,2023-12-12 10:30:00,True,10:30:00,2023-12-12
331,2023-12-12 10:45:00,True,10:45:00,2023-12-12
332,2023-12-12 11:00:00,True,11:00:00,2023-12-12
333,2023-12-12 11:15:00,True,11:15:00,2023-12-12
334,2023-12-12 11:30:00,True,11:30:00,2023-12-12
335,2023-12-12 11:45:00,True,11:45:00,2023-12-12
336,2023-12-12 12:00:00,True,12:00:00,2023-12-12
337,2023-12-12 12:15:00,True,12:15:00,2023-12-12
338,2023-12-12 12:30:00,True,12:30:00,2023-12-12
339,2023-12-12 12:45:00,True,12:45:00,2023-12-12
340,2023-12-12 13:00:00,True,13:00:00,2023-12-12
341,2023-12-12 13:15:00,True,13:15:00,2023-12-12
342,2023-12-12 13:30:00,True,13:30:00,2023-12-12
343,2023-12-12 13:45:00,True,13:45:00,2023-12-12
344,2023-12-12 14:00:00,True,14:00:00,2023-12-12
345,2023-12-12 14:15:00,True,14:15:00,2023-12-12
346,2023-12-12 14:30:00,True,14:30:00,2023-12-12
347,2023-12-12 14:45:00,True,14:45:00,2023-12-12
348,2023-12-12 15:00:00,True,15:00:00,2023-12-12
349,2023-12-12 15:15:00,True,15:15:00,2023-12-12
350,2023-12-12 15:30:00,True,15:30:00,2023-12-12
351,2023-12-12 15:45:00,True,15:45:00,2023-12-12
352,2023-12-12 16:00:00,True,16:00:00,2023-12-12
353,2023-12-12 16:15:00,True,16:15:00,2023-12-12
354,2023-12-12 16:30:00,True,16:30:00,2023-12-12
355,2023-12-12 16:45:00,True,16:45:00,2023-12-12
356,2023-12-12 17:00:00,True,17:00:00,2023-12-12
357,2023-12-12 17:15:00,True,17:15:00,2023-12-12
358,2023-12-12 17:30:00,True,17:30:00,2023-12-12
359,2023-12-12 17:45:00,True,17:45:00,2023-12-12
360,2023-12-12 18:00:00,True,18:00:00,2023-12-12
361,2023-12-12 18:15:00,True,18:15:00,2023-12-12
362,2023-12-12 18:30:00,True,18:30:00,2023-12-12
363,2023-12-12 18:45:00,True,18:45:00,2023-12-12
364,2023-12-12 19:00:00,True,19:00:00,2023-12-12
365,2023-12-12 19:15:00,True,19:15:00,2023-12-12
366,2023-12-12 19:30:00,True,19:30:00,2023-12-12
367,2023-12-12 19:45:00,True,19:45:00,2023-12-12
368,2023-12-12 20:00:00,True,20:00:00,2023-12-12
369,2023-12-12 20:15:00,True,20:15:00,2023-12-12
370,2023-12-12 20:30:00,True,20:30:00,2023-12-12
371,2023-12-12 20:45:00,True,20:45:00,2023-12-12
372,2023-12-12 21:00:00,True,21:00:00,2023-12-12
373,2023-12-12 21:15:00,True,21:15:00,2023-12-12
374,2023-12-12 21:30:00,True,21:30:00,2023-12-12
375,2023-12-12 21:45:00,True,21:45:00,2023-12-12
376,2023-12-12 22:00:00,True,22:00:00,2023-12-12
377,2023-12-12 22:15:00,True,22:15:00,2023-12-12
378,2023-12-12 22:30:00,True,22:30:00,2023-12-12
379,2023-12-12 22:45:00,True,22:45:00,2023-12-12
380,2023-12-12 23:00:00,True,23:00:00,2023-12-12
381,2023-12-12 23:15:00,True,23:15:00,2023-12-12
382,2023-12-12 23:30:00,True,23:30:00,2023-12-12
383,2023-12-12 23:45:00,True,23:45:00,2023-12-12
384,2023-12-13 00:00:00,True,00:00:00,2023-12-13
385,2023-12-13 00:15:00,True,00:15:00,2023-12-13
386,2023-12-13 00:30:00,True,00:30:00,2023-12-13
387,2023-12-13 00:45:00,True,00:45:00,2023-12-13
388,2023-12-13 01:00:00,True,01:00:00,2023-12-13
389,2023-12-13 01:15:00,True,01:15:00,2023-12-13
390,2023-12-13 01:30:00,True,01:30:00,2023-12-13
391,2023-12-13 01:45:00,True,01:45:00,2023-12-13
392,2023-12-13 02:00:00,True,02:00:00,2023-12-13
393,2023-12-13 02:15:00,True,02:15:00,2023-12-13
394,2023-12-13 02:30:00,True,02:30:00,2023-12-13
395,2023-12-13 02:45:00,True,02:45:00,2023-12-13
396,2023-12-13 03:00:00,True,03:00:00,2023-12-13
397,2023-12-13 03:15:00,True,03:15:00,2023-12-13
398,2023-12-13 03:30:00,True,03:30:00,2023-12-13
399,2023-12-13 03:45:00,True,03:45:00,2023-12-13
400,2023-12-13 04:00:00,True,04:00:00,2023-12-13
401,2023-12-13 04:15:00,True,04:15:00,2023-12-13
402,2023-12-13 04:30:00,True,04:30:00,2023-12-13
403,2023-12-13 04:45:00,True,04:45:00,2023-12-13
404,2023-12-13 05:00:00,True,05:00:00,2023-12-13
405,2023-12-13 05:15:00,True,05:15:00,2023-12-13
406,2023-12-13 05:30:00,True,05:30:00,2023-12-13
407,2023-12-13 05:45:00,True,05:45:00,2023-12-13
408,2023-12-13 06:00:00,True,06:00:00,2023-12-13
409,2023-12-13 06:15:00,True,06:15:00,2023-12-13
410,2023-12-13 06:30:00,True,06:30:00,2023-12-13
411,2023-12-13 06:45:00,True,06:45:00,2023-12-13
412,2023-12-13 07:00:00,True,07:00:00,2023-12-13
413,2023-12-13 07:15:00,True,07:15:00,2023-12-13
414,2023-12-13 07:30:00,True,07:30:00,2023-12-13
415,2023-12-13 07:45:00,True,07:45:00,2023-12-13
416,2023-12-13 08:00:00,True,08:00:00,2023-12-13
417,2023-12-13 08:15:00,True,08:15:00,2023-12-13
418,2023-12-13 08:30:00,True,08:30:00,2023-12-13
419,2023-12-13 08:45:00,True,08:45:00,2023-12-13
420,2023-12-13 09:00:00,True,09:00:00,2023-12-13
421,2023-12-13 09:15:00,True,09:15:00,2023-12-13
422,2023-12-13 09:30:00,True,09:30:00,2023-12-13
423,2023-12-13 09:45:00,True,09:45:00,2023-12-13
424,2023-12-13 10:00:00,True,10:00:00,2023-12-13
425,2023-12-13 10:15:00,True,10:15:00,2023-12-13
426,2023-12-13 10:30:00,True,10:30:00,2023-12-13
427,2023-12-13 10:45:00,True,10:45:00,2023-12-13
428,2023-12-13 11:00:00,True,11:00:00,2023-12-13
429,2023-12-13 11:15:00,True,11:15:00,2023-12-13
430,2023-12-13 11:30:00,True,11:30:00,2023-12-13
431,2023-12-13 11:45:00,True,11:45:00,2023-12-13
432,2023-12-13 12:00:00,True,12:00:00,2023-12-13
433,2023-12-13 12:15:00,True,12:15:00,2023-12-13
434,2023-12-13 12:30:00,True,12:30:00,2023-12-13
435,2023-12-13 12:45:00,True,12:45:00,2023-12-13
436,2023-12-13 13:00:00,True,13:00:00,2023-12-13
437,2023-12-13 13:15:00,True,13:15:00,2023-12-13
438,2023-12-13 13:30:00,True,13:30:00,2023-12-13
439,2023-12-13 13:45:00,True,13:45:00,2023-12-13
440,2023-12-13 14:00:00,True,14:00:00,2023-12-13
441,2023-12-13 14:15:00,True,14:15:00,2023-12-13
442,2023-12-13 14:30:00,True,14:30:00,2023-12-13
443,2023-12-13 14:45:00,True,14:45:00,2023-12-13
444,2023-12-13 15:00:00,True,15:00:00,2023-12-13
445,2023-12-13 15:15:00,True,15:15:00,2023-12-13
446,2023-12-13 15:30:00,True,15:30:00,2023-12-13
447,2023-12-13 15:45:00,True,15:45:00,2023-12-13
448,2023-12-13 16:00:00,True,16:00:00,2023-12-13
449,2023-12-13 16:15:00,True,16:15:00,2023-12-13
450,2023-12-13 16:30:00,True,16:30:00,2023-12-13
451,2023-12-13 16:45:00,True,16:45:00,2023-12-13
452,2023-12-13 17:00:00,True,17:00:00,2023-12-13
453,2023-12-13 17:15:00,True,17:15:00,2023-12-13
454,2023-12-13 17:30:00,True,17:30:00,2023-12-13
455,2023-12-13 17:45:00,True,17:45:00,2023-12-13
456,2023-12-13 18:00:00,True,18:00:00,2023-12-13
457,2023-12-13 18:15:00,True,18:15:00,2023-12-13
458,2023-12-13 18:30:00,True,18:30:00,2023-12-13
459,2023-12-13 18:45:00,True,18:45:00,2023-12-13
460,2023-12-13 19:00:00,True,19:00:00,2023-12-13
461,2023-12-13 19:15:00,True,19:15:00,2023-12-13
462,2023-12-13 19:30:00,True,19:30:00,2023-12-13
463,2023-12-13 19:45:00,True,19:45:00,2023-12-13
464,2023-12-13 20:00:00,True,20:00:00,2023-12-13
465,2023-12-13 20:15:00,True,20:15:00,2023-12-13
466,2023-12-13 20:30:00,True,20:30:00,2023-12-13
467,2023-12-13 20:45:00,True,20:45:00,2023-12-13
468,2023-12-13 21:00:00,True,21:00:00,2023-12-13
469,2023-12-13 21:15:00,True,21:15:00,2023-12-13
470,2023-12-13 21:30:00,True,21:30:00,2023-12-13
471,2023-12-13 21:45:00,True,21:45:00,2023-12-13
472,2023-12-13 22:00:00,True,22:00:00,2023-12-13
473,2023-12-13 22:15:00,True,22:15:00,2023-12-13
474,2023-12-13 22:30:00,True,22:30:00,2023-12-13
475,2023-12-13 22:45:00,True,22:45:00,2023-12-13
476,2023-12-13 23:00:00,True,23:00:00,2023-12-13
477,2023-12-13 23:15:00,True,23:15:00,2023-12-13
478,2023-12-13 23:30:00,True,23:30:00,2023-12-13
479,2023-12-13 23:45:00,True,23:45:00,2023-12-13
480,2023-12-14 00:00:00,True,00:00:00,2023-12-14
481,2023-12-14 00:15:00,True,00:15:00,2023-12-14
482,2023-12-14 00:30:00,True,00:30:00,2023-12-14
483,2023-12-14 00:45:00,True,00:45:00,2023-12-14
484,2023-12-14 01:00:00,True,01:00:00,2023-12-14
485,2023-12-14 01:15:00,True,01:15:00,2023-12-14
486,2023-12-14 01:30:00,True,01:30:00,2023-12-14
487,2023-12-14 01:45:00,True,01:45:00,2023-12-14
488,2023-12-14 02:00:00,True,02:00:00,2023-12-14
489,2023-12-14 02:15:00,True,02:15:00,2023-12-14
490,2023-12-14 02:30:00,True,02:30:00,2023-12-14
491,2023-12-14 02:45:00,True,02:45:00,2023-12-14
492,2023-12-14 03:00:00,True,03:00:00,2023-12-14
493,2023-12-14 03:15:00,True,03:15:00,2023-12-14
494,2023-12-14 03:30:00,True,03:30:00,2023-12-14
495,2023-12-14 03:45:00,True,03:45:00,2023-12-14
496,2023-12-14 04:00:00,True,04:00:00,2023-12-14
497,2023-12-14 04:15:00,True,04:15:00,2023-12-14
498,2023-12-14 04:30:00,True,04:30:00,2023-12-14
499,2023-12-14 04:45:00,True,04:45:00,2023-12-14
500,2023-12-14 05:00:00,True,05:00:00,2023-12-14
501,2023-12-14 05:15:00,True,05:15:00,2023-12-14
502,2023-12-14 05:30:00,True,05:30:00,2023-12-14
503,2023-12-14 05:45:00,True,05:45:00,2023-12-14
504,2023-12-14 06:00:00,True,06:00:00,2023-12-14
505,2023-12-14 06:15:00,True,06:15:00,2023-12-14
506,2023-12-14 06:30:00,True,06:30:00,2023-12-14
507,2023-12-14 06:45:00,True,06:45:00,2023-12-14
508,2023-12-14 07:00:00,True,07:00:00,2023-12-14
509,2023-12-14 07:15:00,True,07:15:00,2023-12-14
510,2023-12-14 07:30:00,True,07:30:00,2023-12-14
511,2023-12-14 07:45:00,True,07:45:00,2023-12-14
512,2023-12-14 08:00:00,True,08:00:00,2023-12-14
513,2023-12-14 08:15:00,True,08:15:00,2023-12-14
514,2023-12-14 08:30:00,True,08:30:00,2023-12-14
515,2023-12-14 08:45:00,True,08:45:00,2023-12-14
516,2023-12-14 09:00:00,True,09:00:00,2023-12-14
517,2023-12-14 09:15:00,True,09:15:00,2023-12-14
518,2023-12-14 09:30:00,True,09:30:00,2023-12-14
519,2023-12-14 09:45:00,True,09:45:00,2023-12-14
520,2023-12-14 10:00:00,True,10:00:00,2023-12-14
521,2023-12-14 10:15:00,True,10:15:00,2023-12-14
522,2023-12-14 10:30:00,True,10:30:00,2023-12-14
523,2023-12-14 10:45:00,True,10:45:00,2023-12-14
524,2023-12-14 11:00:00,True,11:00:00,2023-12-14
525,2023-12-14 11:15:00,False,11:15:00,2023-12-14
526,2023-12-14 11:30:00,False,11:30:00,2023-12-14
527,2023-12-14 11:45:00,False,11:45:00,2023-12-14
528,2023-12-14 12:00:00,False,12:00:00,2023-12-14
529,2023-12-14 12:15:00,False,12:15:00,2023-12-14
530,2023-12-14 12:30:00,False,12:30:00,2023-12-14
531,2023-12-14 12:45:00,False,12:45:00,2023-12-14
532,2023-12-14 13:00:00,False,13:00:00,2023-12-14
533,2023-12-14 13:15:00,False,13:15:00,2023-12-14
534,2023-12-14 13:30:00,False,13:30:00,2023-12-14
535,2023-12-14 13:45:00,False,13:45:00,2023-12-14
536,2023-12-14 14:00:00,False,14:00:00,2023-12-14
537,2023-12-14 14:15:00,False,14:15:00,2023-12-14
538,2023-12-14 14:30:00,False,14:30:00,2023-12-14
539,2023-12-14 14:45:00,False,14:45:00,2023-12-14
540,2023-12-14 15:00:00,False,15:00:00,2023-12-14
541,2023-12-14 15:15:00,False,15:15:00,2023-12-14
542,2023-12-14 15:30:00,False,15:30:00,2023-12-14
543,2023-12-14 15:45:00,False,15:45:00,2023-12-14
544,2023-12-14 16:00:00,False,16:00:00,2023-12-14
545,2023-12-14 16:15:00,False,16:15:00,2023-12-14
546,2023-12-14 16:30:00,False,16:30:00,2023-12-14
547,2023-12-14 16:45:00,False,16:45:00,2023-12-14
548,2023-12-14 17:00:00,False,17:00:00,2023-12-14
549,2023-12-14 17:15:00,False,17:15:00,2023-12-14
550,2023-12-14 17:30:00,False,17:30:00,2023-12-14
551,2023-12-14 17:45:00,False,17:45:00,2023-12-14
552,2023-12-14 18:00:00,False,18:00:00,2023-12-14
553,2023-12-14 18:15:00,False,18:15:00,2023-12-14
554,2023-12-14 18:30:00,False,18:30:00,2023-12-14
555,2023-12-14 18:45:00,False,18:45:00,2023-12-14
556,2023-12-14 19:00:00,False,19:00:00,2023-12-14
557,2023-12-14 19:15:00,False,19:15:00,2023-12-14
558,2023-12-14 19:30:00,False,19:30:00,2023-12-14
559,2023-12-14 19:45:00,False,19:45:00,2023-12-14
560,2023-12-14 20:00:00,False,20:00:00,2023-12-14
561,2023-12-14 20:15:00,False,20:15:00,2023-12-14
562,2023-12-14 20:30:00,False,20:30:00,2023-12-14
563,2023-12-14 20:45:00,False,20:45:00,2023-12-14
564,2023-12-14 21:00:00,False,21:00:00,2023-12-14
565,2023-12-14 21:15:00,False,21:15:00,2023-12-14
566,2023-12-14 21:30:00,False,21:30:00,2023-12-14
567,2023-12-14 21:45:00,False,21:45:00,2023-12-14
568,2023-12-14 22:00:00,False,22:00:00,2023-12-14
569,2023-12-14 22:15:00,False,22:15:00,2023-12-14
570,2023-12-14 22:30:00,False,22:30:00,2023-12-14
571,2023-12-14 22:45:00,False,22:45:00,2023-12-14
572,2023-12-14 23:00:00,False,23:00:00,2023-12-14
573,2023-12-14 23:15:00,False,23:15:00,2023-12-14
574,2023-12-14 23:30:00,False,23:30:00,2023-12-14
575,2023-12-14 23:45:00,False,23:45:00,2023-12-14
576,2023-12-15 00:00:00,False,00:00:00,2023-12-15
577,2023-12-15 00:15:00,True,00:15:00,2023-12-15
578,2023-12-15 00:30:00,True,00:30:00,2023-12-15
579,2023-12-15 00:45:00,True,00:45:00,2023-12-15
580,2023-12-15 01:00:00,True,01:00:00,2023-12-15
581,2023-12-15 01:15:00,True,01:15:00,2023-12-15
582,2023-12-15 01:30:00,True,01:30:00,2023-12-15
583,2023-12-15 01:45:00,True,01:45:00,2023-12-15
584,2023-12-15 02:00:00,True,02:00:00,2023-12-15
585,2023-12-15 02:15:00,True,02:15:00,2023-12-15
586,2023-12-15 02:30:00,True,02:30:00,2023-12-15
587,2023-12-15 02:45:00,True,02:45:00,2023-12-15
588,2023-12-15 03:00:00,True,03:00:00,2023-12-15
589,2023-12-15 03:15:00,True,03:15:00,2023-12-15
590,2023-12-15 03:30:00,True,03:30:00,2023-12-15
591,2023-12-15 03:45:00,True,03:45:00,2023-12-15
592,2023-12-15 04:00:00,True,04:00:00,2023-12-15
593,2023-12-15 04:15:00,True,04:15:00,2023-12-15
594,2023-12-15 04:30:00,True,04:30:00,2023-12-15
595,2023-12-15 04:45:00,True,04:45:00,2023-12-15
596,2023-12-15 05:00:00,True,05:00:00,2023-12-15
597,2023-12-15 05:15:00,True,05:15:00,2023-12-15
598,2023-12-15 05:30:00,True,05:30:00,2023-12-15
599,2023-12-15 05:45:00,True,05:45:00,2023-12-15
600,2023-12-15 06:00:00,True,06:00:00,2023-12-15
601,2023-12-15 06:15:00,True,06:15:00,2023-12-15
602,2023-12-15 06:30:00,True,06:30:00,2023-12-15
603,2023-12-15 06:45:00,True,06:45:00,2023-12-15
604,2023-12-15 07:00:00,True,07:00:00,2023-12-15
605,2023-12-15 07:15:00,True,07:15:00,2023-12-15
606,2023-12-15 07:30:00,True,07:30:00,2023-12-15
607,2023-12-15 07:45:00,True,07:45:00,2023-12-15
608,2023-12-15 08:00:00,True,08:00:00,2023-12-15
609,2023-12-15 08:15:00,True,08:15:00,2023-12-15
610,2023-12-15 08:30:00,True,08:30:00,2023-12-15
611,2023-12-15 08:45:00,True,08:45:00,2023-12-15
612,2023-12-15 09:00:00,True,09:00:00,2023-12-15
613,2023-12-15 09:15:00,True,09:15:00,2023-12-15
614,2023-12-15 09:30:00,True,09:30:00,2023-12-15
615,2023-12-15 09:45:00,True,09:45:00,2023-12-15
616,2023-12-15 10:00:00,True,10:00:00,2023-12-15
617,2023-12-15 10:15:00,False,10:15:00,2023-12-15
618,2023-12-15 10:30:00,False,10:30:00,2023-12-15
619,2023-12-15 10:45:00,False,10:45:00,2023-12-15
620,2023-12-15 11:00:00,False,11:00:00,2023-12-15
621,2023-12-15 11:15:00,False,11:15:00,2023-12-15
622,2023-12-15 11:30:00,False,11:30:00,2023-12-15
623,2023-12-15 11:45:00,False,11:45:00,2023-12-15
624,2023-12-15 12:00:00,False,12:00:00,2023-12-15
625,2023-12-15 12:15:00,False,12:15:00,2023-12-15
626,2023-12-15 12:30:00,False,12:30:00,2023-12-15
627,2023-12-15 12:45:00,False,12:45:00,2023-12-15
628,2023-12-15 13:00:00,False,13:00:00,2023-12-15
629,2023-12-15 13:15:00,False,13:15:00,2023-12-15
630,2023-12-15 13:30:00,False,13:30:00,2023-12-15
631,2023-12-15 13:45:00,False,13:45:00,2023-12-15
632,2023-12-15 14:00:00,False,14:00:00,2023-12-15
633,2023-12-15 14:15:00,False,14:15:00,2023-12-15
634,2023-12-15 14:30:00,False,14:30:00,2023-12-15
635,2023-12-15 14:45:00,False,14:45:00,2023-12-15
636,2023-12-15 15:00:00,False,15:00:00,2023-12-15
637,2023-12-15 15:15:00,False,15:15:00,2023-12-15
638,2023-12-15 15:30:00,False,15:30:00,2023-12-15
639,2023-12-15 15:45:00,False,15:45:00,2023-12-15
640,2023-12-15 16:00:00,False,16:00:00,2023-12-15
641,2023-12-15 16:15:00,False,16:15:00,2023-12-15
642,2023-12-15 16:30:00,False,16:30:00,2023-12-15
643,2023-12-15 16:45:00,False,16:45:00,2023-12-15
644,2023-12-15 17:00:00,False,17:00:00,2023-12-15
645,2023-12-15 17:15:00,False,17:15:00,2023-12-15
646,2023-12-15 17:30:00,False,17:30:00,2023-12-15
647,2023-12-15 17:45:00,True,17:45:00,2023-12-15
648,2023-12-15 18:00:00,True,18:00:00,2023-12-15
649,2023-12-15 18:15:00,True,18:15:00,2023-12-15
650,2023-12-15 18:30:00,True,18:30:00,2023-12-15
651,2023-12-15 18:45:00,True,18:45:00,2023-12-15
652,2023-12-15 19:00:00,True,19:00:00,2023-12-15
653,2023-12-15 19:15:00,True,19:15:00,2023-12-15
654,2023-12-15 19:30:00,True,19:30:00,2023-12-15
655,2023-12-15 19:45:00,True,19:45:00,2023-12-15
656,2023-12-15 20:00:00,True,20:00:00,2023-12-15
657,2023-12-15 20:15:00,True,20:15:00,2023-12-15
658,2023-12-15 20:30:00,True,20:30:00,2023-12-15
659,2023-12-15 20:45:00,True,20:45:00,2023-12-15
660,2023-12-15 21:00:00,True,21:00:00,2023-12-15
661,2023-12-15 21:15:00,True,21:15:00,2023-12-15
662,2023-12-15 21:30:00,True,21:30:00,2023-12-15
663,2023-12-15 21:45:00,True,21:45:00,2023-12-15
664,2023-12-15 22:00:00,True,22:00:00,2023-12-15
665,2023-12-15 22:15:00,True,22:15:00,2023-12-15
666,2023-12-15 22:30:00,True,22:30:00,2023-12-15
667,2023-12-15 22:45:00,True,22:45:00,2023-12-15
668,2023-12-15 23:00:00,True,23:00:00,2023-12-15
669,2023-12-15 23:15:00,True,23:15:00,2023-12-15
670,2023-12-15 23:30:00,True,23:30:00,2023-12-15
671,2023-12-15 23:45:00,True,23:45:00,2023-12-15
