"Device_Model","Device_HardwareVersion","Source_Identifier","n_participants"
NA,NA,"com.apple.health",678
"","","com.apple.health",365
"0x200e","","com.apple.health",177
NA,NA,"com.apple.Health",132
"0x200f","","com.apple.health",131
"iPhone","iPhone15,2","com.apple.health",101
"0xa","","com.apple.health",88
"iPhone","iPhone14,5","com.apple.health",84
"iPhone","iPhone12,1","com.apple.health",79
"0x2014","","com.apple.health",74
"iPhone","iPhone14,3","com.apple.health",71
"iPhone","iPhone15,3","com.apple.health",69
"iPhone","iPhone14,2","com.apple.health",68
"iPhone","iPhone13,2","com.apple.health",64
NA,NA,"com.Peloton.PelotonApp",64
"iPhone","iPhone13,3","com.apple.health",53
"Watch","Watch6,1","com.apple.health",47
"Watch","Watch6,6","com.apple.health",47
"0xffff","","com.apple.health",46
"Watch","Watch6,14","com.apple.health",45
"Watch","Watch6,3","com.apple.health",39
"iPhone","iPhone14,7","com.apple.health",39
"iPhone","iPhone11,8","com.apple.health",38
NA,NA,"com.myfitnesspal.mfp",38
"Watch","Watch5,9","com.apple.health",35
"iPhone","iPhone16,1","com.apple.health",34
"iPhone","iPhone13,4","com.apple.health",33
"iPhone","iPhone13,1","com.apple.health",32
"0x2013","","com.apple.health",31
"iPhone","iPhone14,4","com.apple.health",30
NA,NA,"com.ouraring.oura",29
"Watch","Watch5,1","com.apple.health",28
"iPhone","iPhone12,8","com.apple.health",28
NA,NA,"com.garmin.connect.mobile",28
"Watch","Watch3,3","com.apple.health",27
"iPhone","iPhone12,5","com.apple.health",27
"iPhone","iPhone16,2","com.apple.health",27
"Watch","Watch6,8","com.apple.health",26
"Watch","Watch6,2","com.apple.health",25
"Watch","Watch6,7","com.apple.health",25
"0x2002","","com.apple.health",24
"Watch","Watch6,16","com.apple.health",24
"Watch","Watch6,18","com.apple.health",24
NA,NA,"com.withings.wiScaleNG",24
"Watch","Watch6,17","com.apple.health",23
"0x123","","com.apple.health",21
"Watch","Watch5,3","com.apple.health",21
NA,NA,"com.qnniu.renpho",21
"Watch","Watch4,3","com.apple.health",20
"Watch","Watch6,6","com.apple.NanoHeartRhythm",20
"iPhone","iPhone14,6","com.apple.health",20
"0x200b","","com.apple.health",19
"0x2024","","com.apple.health",19
"Watch","Watch6,1","com.apple.NanoOxygenSaturation.watchkitapp",19
NA,NA,"com.omronhealthcare.omronconnect",19
NA,NA,"com.strava.stravaride",19
"Watch","Watch5,11","com.apple.health",18
"Watch","Watch6,4","com.apple.health",18
"Watch","Watch6,9","com.apple.health",18
"0x1200","","com.apple.health",17
"Watch","Watch4,1","com.apple.health",17
"Watch","Watch6,14","com.apple.NanoHeartRhythm",17
"Watch","Watch6,14","com.apple.NanoOxygenSaturation.watchkitapp",17
"Watch","Watch6,15","com.apple.health",17
"iPhone","iPhone12,3","com.apple.health",17
NA,NA,"com.noom.wlc",17
"0x300a","","com.apple.health",16
"Watch","Watch5,2","com.apple.health",16
"Watch","Watch6,1","com.apple.NanoHeartRhythm",16
"Watch","Watch6,6","com.apple.NanoOxygenSaturation.watchkitapp",16
NA,NA,"com.renpho.health",16
"0x2006","","com.apple.health",15
"0x2012","","com.apple.health",15
"Watch","Watch3,4","com.apple.health",15
"iPhone","iPhone14,8","com.apple.health",15
"0x200a","","com.apple.health",14
"Watch","Watch6,3","com.apple.NanoOxygenSaturation.watchkitapp",14
"0x2009","","com.apple.health",13
"Watch","Watch5,4","com.apple.health",13
"Withings Scale","0","com.withings.wiScaleNG",13
NA,NA,"com.fitnow.loseit",13
NA,NA,"com.orangetheoryfitness.orangetheory",13
"Watch","Watch6,2","com.apple.NanoOxygenSaturation.watchkitapp",12
"Watch","Watch6,3","com.apple.NanoHeartRhythm",12
"Watch","Watch6,7","com.apple.NanoHeartRhythm",12
"Watch","Watch6,7","com.apple.NanoOxygenSaturation.watchkitapp",12
"Watch","Watch7,1","com.apple.health",12
"com.apple.health.fitnessmachinemodel.indoorbike","","com.apple.health",12
"iPhone","iPhone15,4","com.apple.health",12
NA,NA,"com.lexwarelabs.goodmorning",12
"0x1000","","com.apple.health",11
"Watch","Watch6,10","com.apple.health",11
"Watch","Watch6,18","com.apple.NanoHeartRhythm",11
"Watch","Watch6,2","com.apple.NanoHeartRhythm",11
"Withings Tracker","","com.withings.wiScaleNG",11
"iPhone","iPhone11,6","com.apple.health",11
"0x2011","","com.apple.health",10
"0x223b","","com.apple.health",10
"Watch","Watch3,2","com.apple.health",10
"Watch","Watch4,2","com.apple.health",10
"Watch","Watch6,15","com.apple.NanoHeartRhythm",10
"Watch","Watch7,2","com.apple.health",10
"0x4020","","com.apple.health",9
"0x500","","com.apple.health",9
"Watch","Watch5,10","com.apple.health",9
"Watch","Watch6,15","com.apple.NanoOxygenSaturation.watchkitapp",9
"Watch","Watch6,16","com.apple.NanoHeartRhythm",9
"Watch","Watch6,18","com.apple.NanoOxygenSaturation.watchkitapp",9
"Watch","Watch6,9","com.apple.NanoHeartRhythm",9
"iPhone","iPhone11,2","com.apple.health",9
NA,NA,"com.yolanda.fitindex",9
"0x2010","","com.apple.health",8
"0x220","","com.apple.health",8
"0x3","","com.apple.health",8
"Watch","Watch5,12","com.apple.health",8
"Watch","Watch6,12","com.apple.health",8
"Watch","Watch6,17","com.apple.NanoOxygenSaturation.watchkitapp",8
"Watch","Watch7,2","com.apple.NanoOxygenSaturation.watchkitapp",8
NA,NA,"com.nike.nikeplus-gps",8
"0x8080","","com.apple.health",7
"Watch","Watch3,1","com.apple.health",7
"Watch","Watch4,4","com.apple.health",7
"Watch","Watch5,3","com.apple.NanoHeartRhythm",7
"Watch","Watch6,16","com.apple.NanoOxygenSaturation.watchkitapp",7
"Watch","Watch6,4","com.apple.NanoHeartRhythm",7
"Watch","Watch6,9","com.apple.NanoOxygenSaturation.watchkitapp",7
"Watch","Watch7,5","com.apple.health",7
NA,NA,"com.alivecor.professional.aliveecg",7
"0x1","","com.apple.health",6
"0x2","","com.apple.health",6
"0x6000","","com.apple.health",6
"0xd58","","com.apple.health",6
"INW4J","00784292.02","com.apple.health",6
"Watch","Watch4,3","com.apple.NanoHeartRhythm",6
"Watch","Watch6,13","com.apple.health",6
"Watch","Watch6,17","com.apple.NanoHeartRhythm",6
"Watch","Watch6,6","com.Peloton.PelotonApp",6
"iPhone","iPhone10,3","com.apple.health",6
"iPhone","iPhone10,6","com.apple.health",6
NA,NA,"com.etekcity.vesyncPlatform",6
NA,NA,"com.gurus.weight",6
NA,NA,"com.ihealthlabs.MyVitalsPro",6
NA,NA,"com.mprapps.syncfitbit",6
NA,NA,"com.whoop.iphone",6
"0x1f","","com.apple.health",5
"0x2017","","com.apple.health",5
"0x4024","","com.apple.health",5
"Watch","Watch2,3","com.apple.health",5
"Watch","Watch5,1","com.apple.NanoHeartRhythm",5
"Watch","Watch6,4","com.apple.NanoOxygenSaturation.watchkitapp",5
"Watch","Watch6,8","com.apple.NanoHeartRhythm",5
"Watch","Watch6,8","com.apple.NanoOxygenSaturation.watchkitapp",5
"Watch","Watch7,3","com.apple.health",5
"Watch","Watch7,4","com.apple.health",5
"Watch","Watch7,5","com.apple.NanoOxygenSaturation.watchkitapp",5
"Withings Blood Pressure Monitor","0","com.withings.wiScaleNG",5
"iPhone","iPhone10,1","com.apple.health",5
"iPhone","iPhone10,2","com.apple.health",5
"iPhone","iPhone10,4","com.apple.health",5
"iPhone","iPhone9,2","com.apple.health",5
NA,NA,"com.alltrails.AllTrails",5
NA,NA,"com.dexcom.G6",5
NA,NA,"com.hualai.WyzeCam",5
NA,NA,"com.motivateco.hubway",5
NA,NA,"com.planetfitness.lunkinator",5
NA,NA,"gen.tech.BetterMe",5
NA,NA,"org.iggymedia.periodtracker",5
"","","com.mprapps.syncfitbit",4
"","","com.tonal.mobile",4
"0x101","","com.apple.health",4
"0x2003","","com.apple.health",4
"0x200d","","com.apple.health",4
"0x2457","","com.apple.health",4
"0x400c","","com.apple.health",4
"0x4010","","com.apple.health",4
"0x4019","","com.apple.health",4
"0x402f","","com.apple.health",4
"0x4c41","","com.apple.health",4
"0x5555","","com.apple.health",4
"0x5678","","com.apple.health",4
"0x9000","","com.apple.health",4
"0xdf0","","com.apple.health",4
"A100","","com.getqardio.Qardio",4
"H10","00760690.03","com.apple.health",4
"Watch","Watch4,2","com.apple.NanoHeartRhythm",4
"Watch","Watch6,1","com.Peloton.PelotonApp",4
"Watch","Watch6,11","com.apple.health",4
"Watch","Watch7,2","com.apple.NanoHeartRhythm",4
"Withings Blood Pressure Monitor","1966304","com.withings.wiScaleNG",4
"iPhone","iPhone9,1","com.apple.health",4
NA,NA,"com.concept2.ergdata",4
NA,NA,"com.courtneycircle.Radiant",4
NA,NA,"com.dexcom.g7app",4
NA,NA,"com.fitbod",4
NA,NA,"com.hdidi.fitsync",4
NA,NA,"com.ihealthlabs.iHealth",4
NA,NA,"com.mynetdiary.MyNetDiary",4
NA,NA,"com.touchberry.powersync",4
"","","com.kinsahealth.kinsa-polaris",3
"0x246","","com.apple.health",3
"0x2489","","com.apple.health",3
"0x2835","","com.apple.health",3
"0x4006","","com.apple.health",3
"0x4009","","com.apple.health",3
"0x4012","","com.apple.health",3
"0x7021","","com.apple.health",3
"0x8000","","com.apple.health",3
"0xabcd","","com.apple.health",3
"0xcd3","","com.apple.health",3
"0xd21","","com.apple.health",3
"0xde1","","com.apple.health",3
"0xe","","com.apple.health",3
"NEXT ONE (US)","7830H","com.ascensia.contour.us",3
"Watch","Watch3,3","com.Peloton.PelotonApp",3
"Watch","Watch5,2","com.apple.NanoHeartRhythm",3
"Watch","Watch5,4","com.apple.NanoHeartRhythm",3
"Watch","Watch6,14","com.Peloton.PelotonApp",3
"Watch","Watch6,15","com.Peloton.PelotonApp",3
"Watch","Watch7,1","com.apple.NanoHeartRhythm",3
"Watch","Watch7,1","com.apple.NanoOxygenSaturation.watchkitapp",3
"Watch","Watch7,3","com.apple.NanoHeartRhythm",3
"Watch","Watch7,3","com.apple.NanoOxygenSaturation.watchkitapp",3
"Withings Scale","966693","com.withings.wiScaleNG",3
"com.apple.health.fitnessmachinemodel.crosstrainer","","com.apple.health",3
"com.apple.health.fitnessmachinemodel.treadmill","","com.apple.health",3
"iPhone","iPhone15,2","com.apple.Fitness",3
"iPhone","iPhone15,3","com.welltory.client",3
"iPhone","iPhone8,2","com.apple.health",3
NA,NA,"Q5AWL8WCY6.iMapMyWalkFree",3
NA,NA,"cn.fitdays.fitdays",3
NA,NA,"co.yogabuddhi.YogaBuddhi",3
NA,NA,"com.bickster.myFitnessSync",3
NA,NA,"com.consumedbycode.slopes",3
NA,NA,"com.elitehrv.app",3
NA,NA,"com.handa.dafit",3
NA,NA,"com.hello-do.Hello-Heart-HP",3
NA,NA,"com.omadahealth.Prevent",3
NA,NA,"com.yunmai.en.scale",3
NA,NA,"myndarc.newFitnessApp",3
"","","com.getqardio.Qardio",2
"0x1234","","com.apple.health",2
"0x13a4","","com.apple.health",2
"0x1e0","","com.apple.health",2
"0x200c","","com.apple.health",2
"0x301b","","com.apple.health",2
"0x3020","","com.apple.health",2
"0x4","","com.apple.health",2
"0x400a","","com.apple.health",2
"0x4022","","com.apple.health",2
"0x402d","","com.apple.health",2
"0x4061","","com.apple.health",2
"0x4064","","com.apple.health",2
"0x48","","com.apple.health",2
"0x4b","","com.apple.health",2
"0x5566","","com.apple.health",2
"0x58","","com.apple.health",2
"0x8","","com.apple.health",2
"0x86","","com.apple.health",2
"0x8615","","com.apple.health",2
"0xba20","","com.apple.health",2
"0xc21","","com.apple.health",2
"0xe001","","com.apple.health",2
"B100","","com.getqardio.Qardio",2
"Watch","Watch2,6","com.apple.health",2
"Watch","Watch2,7","com.apple.health",2
"Watch","Watch4,2","com.trainerize.Trainerize",2
"Watch","Watch5,1","com.Peloton.PelotonApp",2
"Watch","Watch5,9","com.Peloton.PelotonApp",2
"Watch","Watch6,14","com.ladder.bootcamp",2
"Watch","Watch6,2","com.Peloton.PelotonApp",2
"Watch","Watch6,8","com.Peloton.PelotonApp",2
"Withings Scale","950290","com.withings.wiScaleNG",2
"iPhone","","CRONOMETER-GOLD",2
"iPhone","iPhone12,5","com.apple.Fitness",2
"iPhone","iPhone14,4","com.apple.Fitness",2
"iPhone","iPhone14,5","com.welltory.client",2
"iPhone","iPhone15,3","com.apple.Fitness",2
"iPhone","iPhone15,5","com.apple.health",2
"iPhone","iPhone9,3","com.apple.health",2
NA,NA,"HRV4Training",2
NA,NA,"Q5AWL8WCY6.iMapMyRun",2
NA,NA,"RunKeeperPro",2
NA,NA,"com.Amplified.ScanAtHome",2
NA,NA,"com.WahooFitness.FisicaFitness",2
NA,NA,"com.apple.shortcuts",2
NA,NA,"com.coach.zing",2
NA,NA,"com.conair.weightwatchers",2
NA,NA,"com.dmdbrands.balancehealth",2
NA,NA,"com.eightsleep.Eight",2
NA,NA,"com.emay.oximeter",2
NA,NA,"com.fitonapp.fiton",2
NA,NA,"com.heartmath.balance",2
NA,NA,"com.herzbergdevelopment.EasyFit-Calorie-Counter",2
NA,NA,"com.huami.watch",2
NA,NA,"com.ifit.wolf",2
NA,NA,"com.ifttt.ifttt",2
NA,NA,"com.itmptech.BeColorado",2
NA,NA,"com.lifescan.reveal",2
NA,NA,"com.littlegreensoftware.HeartStar",2
NA,NA,"com.masimo.merlin",2
NA,NA,"com.mysugr.companion.mySugr",2
NA,NA,"com.oceanwing.z.smarthome",2
NA,NA,"com.qingniu.arboleaf",2
NA,NA,"com.sillens.iShape",2
NA,NA,"com.starfit.starfit",2
NA,NA,"com.trainerize.Trainerize",2
NA,NA,"com.welltory.client",2
NA,NA,"com.withings.Tempo",2
NA,NA,"fi.polar.polarbeat",2
NA,NA,"fi.polar.polarflow",2
NA,NA,"hrm.fitme",2
NA,NA,"ru.axiommobile.kettlebell",2
NA,NA,"uk.co.smokycatsoftware.HeartRateTracker",2
"","","cn.com.viatom.ViHealth",1
"","","com.bickster.myFitnessSync",1
"","","com.netpulse.ymcaofthecapitalarea",1
"","11","com.apple.health",1
"","2.0.0","com.apple.health",1
"0x1010","","com.apple.health",1
"0x102","","com.apple.health",1
"0x14f","","com.apple.health",1
"0x1582","","com.apple.health",1
"0x161","","com.apple.health",1
"0x1f29","","com.apple.health",1
"0x1f40","","com.apple.health",1
"0x200","","com.apple.health",1
"0x2005","","com.apple.health",1
"0x201","","com.apple.health",1
"0x23","","com.apple.health",1
"0x24cc","","com.apple.health",1
"0x24cd","","com.apple.health",1
"0x24df","","com.apple.health",1
"0x27","","com.apple.health",1
"0x30","","com.apple.health",1
"0x3528","","com.apple.health",1
"0x4014","","com.apple.health",1
"0x4039","","com.apple.health",1
"0x4066","","com.apple.health",1
"0x434a","","com.apple.health",1
"0x49","","com.apple.health",1
"0x5577","","com.apple.health",1
"0x5701","","com.apple.health",1
"0x5a3","","com.apple.health",1
"0x5e1","","com.apple.health",1
"0x5e5","","com.apple.health",1
"0x60","","com.apple.health",1
"0x600","","com.apple.health",1
"0x71fd","","com.apple.health",1
"0x839","","com.apple.health",1
"0x8635","","com.apple.health",1
"0x8f","","com.apple.health",1
"0x91","","com.apple.health",1
"0x985","","com.apple.health",1
"0x98a","","com.apple.health",1
"0xa011","","com.apple.health",1
"0xa012","","com.apple.health",1
"0xa013","","com.apple.health",1
"0xa100","","com.apple.health",1
"0xbf","","com.apple.health",1
"0xcdc","","com.apple.health",1
"0xce0","","com.apple.health",1
"0xd11","","com.apple.health",1
"0xd3","","com.apple.health",1
"0xd5","","com.apple.health",1
"0xdd4","","com.apple.health",1
"0xddc","","com.apple.health",1
"0xe007","","com.apple.health",1
"0xeaf","","com.apple.health",1
"0xf6","","com.apple.health",1
"1.0.0","1.0.0","com.lifesense.meraw",1
"3150","1.0.0","com.apple.health",1
"4130","B","com.apple.health",1
"B200","","com.getqardio.Qardio",1
"BLE20819","104","com.apple.health",1
"H9","00780655.00","com.apple.health",1
"HRM808S","V1.2","com.apple.health",1
"NEXT ONE (US)","7830","com.ascensia.contour.us",1
"TD-1261","","com.getqardio.Qardio",1
"Watch","Watch1,1","com.apple.health",1
"Watch","Watch2,4","com.apple.health",1
"Watch","Watch3,3","com.whipdev.Alex17.watchkitapp",1
"Watch","Watch3,4","com.Peloton.PelotonApp",1
"Watch","Watch3,4","com.fourthframe.Intervals",1
"Watch","Watch4,1","Q5AWL8WCY6.iMapMyRun",1
"Watch","Watch4,1","com.apple.NanoHeartRhythm",1
"Watch","Watch4,2","Q5AWL8WCY6.iMapMyWalkFree",1
"Watch","Watch4,3","com.Peloton.PelotonApp",1
"Watch","Watch4,4","com.apple.NanoHeartRhythm",1
"Watch","Watch5,1","com.shotzoom.GolfshotGPS",1
"Watch","Watch5,11","Q5AWL8WCY6.iMapMyRun",1
"Watch","Watch5,11","com.Peloton.PelotonApp",1
"Watch","Watch5,3","com.skyfitsports.skyfit",1
"Watch","Watch5,4","swc",1
"Watch","Watch5,9","",1
"Watch","Watch5,9","com.streaksapp.streaks.workout",1
"Watch","Watch6,1","com.BodyLoveGroupLLC.BodyLove",1
"Watch","Watch6,1","com.alltrails.AllTrails",1
"Watch","Watch6,1","com.concept2.ergdata",1
"Watch","Watch6,1","com.corecoders.SkiTracks",1
"Watch","Watch6,10","com.Peloton.PelotonApp",1
"Watch","Watch6,14","com.xponential.clubpilates",1
"Watch","Watch6,14","io.frogg.Boulder-Buddy",1
"Watch","Watch6,15","com.performancephones.speedcoach.010101",1
"Watch","Watch6,15","com.runbuddy.prod",1
"Watch","Watch6,16","app.gentler.activity",1
"Watch","Watch6,16","com.Peloton.PelotonApp",1
"Watch","Watch6,17","com.flaskapp.workout",1
"Watch","Watch6,17","com.fourthframe.Intervals",1
"Watch","Watch6,17","myndarc.newFitnessApp",1
"Watch","Watch6,18","com.Peloton.PelotonApp",1
"Watch","Watch6,18","com.consumedbycode.slopes",1
"Watch","Watch6,18","com.crossforward.pedometer",1
"Watch","Watch6,2","Q5AWL8WCY6.iMapMyWalkFree",1
"Watch","Watch6,2","in.with.FlowApp",1
"Watch","Watch6,3","com.nike.niketrainingclub",1
"Watch","Watch6,4","com.Peloton.PelotonApp",1
"Watch","Watch6,4","com.crossforward.pedometer",1
"Watch","Watch6,6","Q5AWL8WCY6.iMapMyWalkFree",1
"Watch","Watch6,6","app.gentler.activity",1
"Watch","Watch6,6","com.beachbody.bod",1
"Watch","Watch6,6","com.cameronchow.Strong",1
"Watch","Watch6,6","com.hykso.fightcamp",1
"Watch","Watch6,6","com.whipdev.Alex17",1
"Watch","Watch6,7","com.Peloton.PelotonApp",1
"Watch","Watch6,7","com.bocaxica.perfect10",1
"Watch","Watch6,7","com.thegrint.grint",1
"Watch","Watch6,7","com.whipdev.Alex17",1
"Watch","Watch6,8","com.welltory.client",1
"Watch","Watch6,9","com.Peloton.PelotonApp",1
"Watch","Watch6,9","com.cameronchow.Strong",1
"Watch","Watch6,9","com.consumedbycode.slopes",1
"Watch","Watch6,9","com.trainerize.Trainerize",1
"Watch","Watch7,2","com.Peloton.PelotonApp",1
"Watch","Watch7,3","com.Peloton.PelotonApp",1
"Watch","Watch7,4","com.apple.NanoHeartRhythm",1
"Watch","Watch7,4","com.apple.NanoOxygenSaturation.watchkitapp",1
"Watch","Watch7,5","com.apple.NanoHeartRhythm",1
"Withings Blood Pressure Monitor","","com.withings.wiScaleNG",1
"Withings Blood Pressure Monitor","1376320","com.withings.wiScaleNG",1
"Withings Blood Pressure Monitor","1966160","com.withings.wiScaleNG",1
"Withings Blood Pressure Monitor","1966288","com.withings.wiScaleNG",1
"Withings Blood Pressure Monitor","1966321","com.withings.wiScaleNG",1
"Withings Scale","1146928","com.withings.wiScaleNG",1
"Withings Scale","1146944","com.withings.wiScaleNG",1
"Withings Scale","1146994","com.withings.wiScaleNG",1
"Withings Scale","2756672","com.withings.wiScaleNG",1
"Withings Scale","2822160","com.withings.wiScaleNG",1
"Withings Tracker","2031744","com.withings.wiScaleNG",1
"com.apple.health.fitnessmachinemodel.stairclimber","","com.apple.health",1
"iPhone","iPhone11,6","com.fourthframe.Intervals",1
"iPhone","iPhone12,1","Q5AWL8WCY6.iMapMyFitness",1
"iPhone","iPhone12,8","com.alterramtnco.ikonpass.prod",1
"iPhone","iPhone12,8","com.shotzoom.TOURCaddie",1
"iPhone","iPhone13,2","Q5AWL8WCY6.iMapMyRun",1
"iPhone","iPhone13,2","com.cameronchow.Strong",1
"iPhone","iPhone13,2","com.weareloup.hco",1
"iPhone","iPhone13,3","com.cameronchow.Strong",1
"iPhone","iPhone13,3","dance.fitness.app",1
"iPhone","iPhone14,2","Q5AWL8WCY6.iMapMyFitness",1
"iPhone","iPhone14,2","com.alterramtnco.ikonpass.prod",1
"iPhone","iPhone14,2","com.alterramtnco.sugarbush",1
"iPhone","iPhone14,2","com.apple.Fitness",1
"iPhone","iPhone14,2","com.welltory.client",1
"iPhone","iPhone14,3","com.apple.Fitness",1
"iPhone","iPhone14,4","Q5AWL8WCY6.iMapMyRun",1
"iPhone","iPhone14,5","com.apple.Fitness",1
"iPhone","iPhone14,5","com.apptuitive.workoutgoalapp",1
"iPhone","iPhone14,5","fit.future.Future",1
"iPhone","iPhone15,2","Q5AWL8WCY6.iMapMyWalkFree",1
"iPhone","iPhone15,2","com.alterramtnco.Steamboat",1
"iPhone","iPhone16,1","com.alterramtnco.ikonpass.prod",1
"iPhone","iPhone16,1","com.cameronchow.Strong",1
"iPhone","iPhone8,1","com.apple.health",1
"iPhone","iPhone8,4","com.apple.health",1
"iPhone","iPhone9,4","com.apple.health",1
"iPod","iPod7,1","com.apple.health",1
"{""meta"":{""HKDeviceName"":""QardioArm"",""HKExternalUUID"":""1674274051-144-88"",""HKDeviceManufacturerName"":""Qardio, Inc.""},""source"":{""bundle"":""com.getqardio.Qardio"",""name"":""Qardio""},""device"":{""name"":""QardioArm"",""fw"":"""",""sw"":"""",""hw"":"""",""model"":""A100"",""manufacturer"":""Qardio, Inc.""}}","","com.getqardio.Qardio",1
"{""meta"":{""HKExternalUUID"":""1672922943-138-89"",""HKDeviceName"":""QardioArm"",""HKDeviceManufacturerName"":""Qardio, Inc.""},""source"":{""name"":""Qardio"",""bundle"":""com.getqardio.Qardio""},""device"":{""manufacturer"":""Qardio, Inc."",""model"":""A100"",""fw"":"""",""sw"":"""",""name"":""QardioArm"",""hw"":""""}}","","com.getqardio.Qardio",1
"{""meta"":{""HKExternalUUID"":""1674215960-139-88"",""HKDeviceManufacturerName"":""Qardio, Inc."",""HKDeviceName"":""QardioArm""},""device"":{""model"":""A100"",""name"":""QardioArm"",""sw"":"""",""manufacturer"":""Qardio, Inc."",""hw"":"""",""fw"":""""},""source"":{""name"":""Qardio"",""bundle"":""com.getqardio.Qardio""}}","","com.getqardio.Qardio",1
"{""meta"":{""HKExternalUUID"":""1674216076-133-89"",""HKDeviceManufacturerName"":""Qardio, Inc."",""HKDeviceName"":""QardioArm""},""source"":{""bundle"":""com.getqardio.Qardio"",""name"":""Qardio""},""device"":{""sw"":"""",""model"":""A100"",""name"":""QardioArm"",""hw"":"""",""manufacturer"":""Qardio, Inc."",""fw"":""""}}","","com.getqardio.Qardio",1
"{""source"":{""bundle"":""com.getqardio.Qardio"",""name"":""Qardio""},""meta"":{""HKExternalUUID"":""1674274118-144-83"",""HKDeviceManufacturerName"":""Qardio, Inc."",""HKDeviceName"":""QardioArm""},""device"":{""manufacturer"":""Qardio, Inc."",""fw"":"""",""model"":""A100"",""name"":""QardioArm"",""sw"":"""",""hw"":""""}}","","com.getqardio.Qardio",1
"{""source"":{""name"":""Qardio"",""bundle"":""com.getqardio.Qardio""},""meta"":{""HKDeviceManufacturerName"":""Qardio, Inc."",""HKDeviceName"":""QardioArm"",""HKExternalUUID"":""1674274230-141-92""},""device"":{""model"":""A100"",""name"":""QardioArm"",""hw"":"""",""manufacturer"":""Qardio, Inc."",""fw"":"""",""sw"":""""}}","","com.getqardio.Qardio",1
NA,NA,"",1
NA,NA,"CRONOMETER-GOLD",1
NA,NA,"HM.wristband",1
NA,NA,"Q5AWL8WCY6.iMapMyFitness",1
NA,NA,"ch.Asthma-Tracker",1
NA,NA,"co.vimo.vimotrack",1
NA,NA,"com.3dinnovations.DeskCycle",1
NA,NA,"com.Microlife.MicrolifeHealthPlusMLU",1
NA,NA,"com.PixelForceSystems.SweatWithKayla",1
NA,NA,"com.TurboTek2.RunCline",1
NA,NA,"com.WahooFitness.RunFit",1
NA,NA,"com.WahooFitness.bica",1
NA,NA,"com.amapps.simple",1
NA,NA,"com.amazing.apps.calorie.tracker",1
NA,NA,"com.amazingapps.fasting",1
NA,NA,"com.app.gescale",1
NA,NA,"com.app.threesixty",1
NA,NA,"com.apple.BedditSleepMonitor",1
NA,NA,"com.asanayoga.asanarebel",1
NA,NA,"com.athletearchitect.stryd",1
NA,NA,"com.azumio.iphone.argus",1
NA,NA,"com.beurer.connect.HealthCoach",1
NA,NA,"com.biggerfive.kid",1
NA,NA,"com.biostrap.Biostrap",1
NA,NA,"com.body.temperature.app",1
NA,NA,"com.btang.thermometer",1
NA,NA,"com.cameronchow.Strong",1
NA,NA,"com.circlemedical.CircleMedicalPatient",1
NA,NA,"com.core-tech-fitness.tempo",1
NA,NA,"com.corecoders.SkiTracks",1
NA,NA,"com.coros.coros",1
NA,NA,"com.deltaband.DeltaBandBeta",1
NA,NA,"com.demandmedia.calorietrackerlite",1
NA,NA,"com.digidoctech.pulse-oximeter",1
NA,NA,"com.dream4today.HeartRate.Pro",1
NA,NA,"com.dyaco.FitnessSole2",1
NA,NA,"com.fisikal.member.trxshop",1
NA,NA,"com.fitiv.syncfitbit",1
NA,NA,"com.fullpower.t2smartbed",1
NA,NA,"com.funnmedia.calory",1
NA,NA,"com.g-plans",1
NA,NA,"com.gallowaydigital.galloway",1
NA,NA,"com.general2k.JYouPro",1
NA,NA,"com.gpapps.ptrackerlite",1
NA,NA,"com.grailr.CARROTfit",1
NA,NA,"com.grinasys.walkingfree",1
NA,NA,"com.healthcenter.movinglife",1
NA,NA,"com.icareforyou.Shining",1
NA,NA,"com.inbody.inbody2014",1
NA,NA,"com.inevifit.powercloudneutral.cc",1
NA,NA,"com.kingsmith.xiaojin",1
NA,NA,"com.lifefitness.lfconnect",1
NA,NA,"com.motionmetrics.carv",1
NA,NA,"com.mydario.dario",1
NA,NA,"com.nautilus.bowflex",1
NA,NA,"com.nautilus.etw",1
NA,NA,"com.nike.niketrainingclub",1
NA,NA,"com.nutritionfacts.dailydozen",1
NA,NA,"com.onemedical.onemedicalmobile",1
NA,NA,"com.oneothergame.workout-for-older-adults-app",1
NA,NA,"com.performancephones.speedcoach.010101",1
NA,NA,"com.pushpress.timer",1
NA,NA,"com.qingniu.LoftillaPlus",1
NA,NA,"com.qingniu.feelfit",1
NA,NA,"com.refinemirror.themirror",1
NA,NA,"com.runloop.seconds.free",1
NA,NA,"com.shotzoom.TOURCaddie",1
NA,NA,"com.simonpersson.repsapp",1
NA,NA,"com.simonstrudwick.Weigh-In",1
NA,NA,"com.sonova.phonak.dsapp",1
NA,NA,"com.spirometry.SmartOne",1
NA,NA,"com.spirometry.sara",1
NA,NA,"com.tantsissa.Heartbeat",1
NA,NA,"com.tonal.mobile",1
NA,NA,"com.topstep.fitcloudpro",1
NA,NA,"com.toursprung.bikemap",1
NA,NA,"com.ultrahuman.ios",1
NA,NA,"com.welchallyn.home",1
NA,NA,"com.wikiloc.wikiloc",1
NA,NA,"com.xiaomi.miwatch.pro",1
NA,NA,"com.yazio.ios.YAZIO",1
NA,NA,"com.youate.ate",1
NA,NA,"com.zamalabs.fitbit.toapplehealth",1
NA,NA,"com.zenlabs.c25kfree",1
NA,NA,"com.zwift.ZwiftGame",1
NA,NA,"eu.ea-lab.NIOSH",1
NA,NA,"gzheart.gztech",1
NA,NA,"ios.myketo.app",1
NA,NA,"jp.airwire.bpPlus",1
NA,NA,"net.target50.interval-timer",1
NA,NA,"ru.axiommobile.Dumbbells",1
NA,NA,"si.modula.instantheartrate",1
