15_min_chunk,Monday,Tuesday,Wednesday,Thursday,Friday,Saturday,Sunday
00:00:00,1.0,0.9583333333333334,1.0,0.9583333333333334,0.9583333333333334,0.9583333333333334,1.0
00:15:00,1.0,0.9583333333333334,1.0,0.9583333333333334,0.9583333333333334,0.9583333333333334,1.0
00:30:00,1.0,0.9583333333333334,1.0,1.0,1.0,1.0,1.0
00:45:00,1.0,0.9583333333333334,1.0,1.0,1.0,1.0,1.0
01:00:00,1.0,0.9583333333333334,1.0,1.0,1.0,1.0,1.0
01:15:00,1.0,0.9583333333333334,1.0,1.0,1.0,1.0,1.0
01:30:00,1.0,0.9583333333333334,1.0,1.0,1.0,1.0,1.0
01:45:00,1.0,0.9583333333333334,1.0,1.0,1.0,1.0,1.0
02:00:00,1.0,0.9583333333333334,1.0,1.0,1.0,1.0,1.0
02:15:00,1.0,0.9583333333333334,1.0,1.0,1.0,1.0,1.0
02:30:00,1.0,0.9583333333333334,1.0,1.0,1.0,1.0,1.0
02:45:00,1.0,0.9583333333333334,1.0,1.0,1.0,1.0,1.0
03:00:00,1.0,0.9583333333333334,1.0,1.0,1.0,1.0,1.0
03:15:00,1.0,0.9583333333333334,1.0,1.0,1.0,1.0,1.0
03:30:00,1.0,0.9583333333333334,1.0,1.0,1.0,1.0,1.0
03:45:00,1.0,0.9583333333333334,1.0,1.0,1.0,1.0,1.0
04:00:00,1.0,0.9583333333333334,1.0,1.0,1.0,1.0,1.0
04:15:00,1.0,1.0,1.0,1.0,1.0,1.0,1.0
04:30:00,1.0,1.0,1.0,1.0,1.0,1.0,1.0
04:45:00,1.0,1.0,1.0,1.0,1.0,1.0,1.0
05:00:00,1.0,1.0,1.0,1.0,1.0,1.0,1.0
05:15:00,1.0,1.0,1.0,1.0,1.0,1.0,1.0
05:30:00,1.0,1.0,1.0,1.0,1.0,1.0,1.0
05:45:00,1.0,1.0,1.0,1.0,1.0,1.0,1.0
06:00:00,0.9583333333333334,1.0,1.0,1.0,1.0,0.9583333333333334,1.0
06:15:00,0.9583333333333334,1.0,1.0,1.0,1.0,0.9583333333333334,1.0
06:30:00,0.9583333333333334,1.0,0.9583333333333334,0.9166666666666666,1.0,0.9583333333333334,1.0
06:45:00,0.9583333333333334,1.0,0.9583333333333334,0.875,0.9583333333333334,1.0,1.0
07:00:00,0.9583333333333334,1.0,0.9166666666666666,0.8333333333333334,0.9583333333333334,1.0,0.9583333333333334
07:15:00,0.8333333333333334,0.9166666666666666,0.9166666666666666,0.75,0.8333333333333334,0.9583333333333334,0.875
07:30:00,0.7916666666666666,0.875,0.8333333333333334,0.7916666666666666,0.7083333333333334,0.9583333333333334,0.875
07:45:00,0.7916666666666666,0.75,0.75,0.7916666666666666,0.6666666666666666,0.9583333333333334,0.7916666666666666
08:00:00,0.75,0.7083333333333334,0.75,0.75,0.625,0.9583333333333334,0.75
08:15:00,0.7083333333333334,0.6666666666666666,0.75,0.7083333333333334,0.625,0.9166666666666666,0.75
08:30:00,0.7083333333333334,0.6666666666666666,0.75,0.7083333333333334,0.625,0.8333333333333334,0.7083333333333334
08:45:00,0.6666666666666666,0.7083333333333334,0.75,0.6666666666666666,0.625,0.7916666666666666,0.7083333333333334
09:00:00,0.625,0.625,0.75,0.7083333333333334,0.625,0.7916666666666666,0.7083333333333334
09:15:00,0.5833333333333334,0.625,0.7083333333333334,0.6666666666666666,0.625,0.7083333333333334,0.7083333333333334
09:30:00,0.5833333333333334,0.625,0.7083333333333334,0.625,0.625,0.6666666666666666,0.7083333333333334
09:45:00,0.5833333333333334,0.6666666666666666,0.7083333333333334,0.5833333333333334,0.625,0.625,0.7083333333333334
10:00:00,0.5833333333333334,0.625,0.6666666666666666,0.5833333333333334,0.6666666666666666,0.625,0.6666666666666666
10:15:00,0.5833333333333334,0.6666666666666666,0.6666666666666666,0.5833333333333334,0.6666666666666666,0.625,0.6666666666666666
10:30:00,0.5833333333333334,0.6666666666666666,0.6666666666666666,0.5833333333333334,0.625,0.625,0.6666666666666666
10:45:00,0.625,0.6666666666666666,0.625,0.5833333333333334,0.625,0.5833333333333334,0.6666666666666666
11:00:00,0.625,0.6666666666666666,0.625,0.5833333333333334,0.5833333333333334,0.5833333333333334,0.6666666666666666
11:15:00,0.625,0.6666666666666666,0.5833333333333334,0.5416666666666666,0.5833333333333334,0.5833333333333334,0.6666666666666666
11:30:00,0.625,0.6666666666666666,0.5833333333333334,0.5416666666666666,0.5833333333333334,0.5833333333333334,0.6666666666666666
11:45:00,0.625,0.6666666666666666,0.5833333333333334,0.5833333333333334,0.5833333333333334,0.625,0.6666666666666666
12:00:00,0.625,0.6666666666666666,0.5833333333333334,0.5416666666666666,0.5833333333333334,0.5833333333333334,0.6666666666666666
12:15:00,0.625,0.6666666666666666,0.5833333333333334,0.5416666666666666,0.5833333333333334,0.5833333333333334,0.6666666666666666
12:30:00,0.625,0.6666666666666666,0.5833333333333334,0.5416666666666666,0.625,0.5833333333333334,0.6666666666666666
12:45:00,0.625,0.625,0.5833333333333334,0.5416666666666666,0.5833333333333334,0.5833333333333334,0.6666666666666666
13:00:00,0.5833333333333334,0.625,0.5833333333333334,0.5416666666666666,0.625,0.625,0.6666666666666666
13:15:00,0.5833333333333334,0.625,0.5833333333333334,0.5416666666666666,0.625,0.5833333333333334,0.6666666666666666
13:30:00,0.5833333333333334,0.6666666666666666,0.5833333333333334,0.5416666666666666,0.625,0.5833333333333334,0.6666666666666666
13:45:00,0.625,0.6666666666666666,0.5833333333333334,0.5416666666666666,0.625,0.5833333333333334,0.6666666666666666
14:00:00,0.5833333333333334,0.625,0.5833333333333334,0.5416666666666666,0.625,0.5833333333333334,0.625
14:15:00,0.5833333333333334,0.625,0.5833333333333334,0.5416666666666666,0.625,0.625,0.625
14:30:00,0.5833333333333334,0.625,0.5416666666666666,0.625,0.6666666666666666,0.625,0.625
14:45:00,0.5833333333333334,0.5833333333333334,0.5416666666666666,0.5833333333333334,0.625,0.625,0.625
15:00:00,0.5833333333333334,0.5833333333333334,0.5416666666666666,0.5833333333333334,0.625,0.625,0.625
15:15:00,0.5833333333333334,0.5833333333333334,0.5416666666666666,0.5833333333333334,0.625,0.625,0.6666666666666666
15:30:00,0.5833333333333334,0.5833333333333334,0.5833333333333334,0.5833333333333334,0.625,0.625,0.6666666666666666
15:45:00,0.5833333333333334,0.5833333333333334,0.625,0.5833333333333334,0.625,0.625,0.6666666666666666
16:00:00,0.625,0.5833333333333334,0.5416666666666666,0.5416666666666666,0.625,0.625,0.6666666666666666
16:15:00,0.5833333333333334,0.5833333333333334,0.5416666666666666,0.5416666666666666,0.625,0.5833333333333334,0.625
16:30:00,0.5833333333333334,0.625,0.5416666666666666,0.5833333333333334,0.625,0.5833333333333334,0.6666666666666666
16:45:00,0.625,0.625,0.5416666666666666,0.5416666666666666,0.625,0.5833333333333334,0.6666666666666666
17:00:00,0.625,0.625,0.5416666666666666,0.5416666666666666,0.6666666666666666,0.5833333333333334,0.6666666666666666
17:15:00,0.625,0.625,0.5416666666666666,0.5416666666666666,0.7083333333333334,0.625,0.6666666666666666
17:30:00,0.5833333333333334,0.625,0.5416666666666666,0.5416666666666666,0.75,0.625,0.6666666666666666
17:45:00,0.5833333333333334,0.6666666666666666,0.5833333333333334,0.5416666666666666,0.7083333333333334,0.625,0.625
18:00:00,0.5833333333333334,0.625,0.5416666666666666,0.5833333333333334,0.6666666666666666,0.6666666666666666,0.625
18:15:00,0.5833333333333334,0.625,0.5416666666666666,0.5416666666666666,0.6666666666666666,0.625,0.625
18:30:00,0.625,0.625,0.5416666666666666,0.5416666666666666,0.6666666666666666,0.625,0.625
18:45:00,0.625,0.625,0.5416666666666666,0.5416666666666666,0.6666666666666666,0.625,0.625
19:00:00,0.625,0.625,0.5416666666666666,0.5416666666666666,0.6666666666666666,0.625,0.625
19:15:00,0.625,0.625,0.5416666666666666,0.5416666666666666,0.6666666666666666,0.625,0.625
19:30:00,0.625,0.5833333333333334,0.5416666666666666,0.5416666666666666,0.6666666666666666,0.625,0.625
19:45:00,0.625,0.5833333333333334,0.5416666666666666,0.5416666666666666,0.6666666666666666,0.625,0.625
20:00:00,0.625,0.5833333333333334,0.5416666666666666,0.5416666666666666,0.6666666666666666,0.625,0.625
20:15:00,0.6666666666666666,0.5833333333333334,0.5416666666666666,0.625,0.6666666666666666,0.6666666666666666,0.625
20:30:00,0.6666666666666666,0.625,0.5416666666666666,0.625,0.7083333333333334,0.6666666666666666,0.625
20:45:00,0.625,0.625,0.5416666666666666,0.625,0.7083333333333334,0.6666666666666666,0.5833333333333334
21:00:00,0.5833333333333334,0.625,0.5416666666666666,0.625,0.7083333333333334,0.7083333333333334,0.625
21:15:00,0.5833333333333334,0.625,0.5416666666666666,0.625,0.7083333333333334,0.7083333333333334,0.6666666666666666
21:30:00,0.5833333333333334,0.6666666666666666,0.625,0.7083333333333334,0.7083333333333334,0.75,0.7083333333333334
21:45:00,0.7083333333333334,0.6666666666666666,0.6666666666666666,0.7083333333333334,0.7083333333333334,0.75,0.7083333333333334
22:00:00,0.7916666666666666,0.6666666666666666,0.7083333333333334,0.75,0.75,0.7916666666666666,0.8333333333333334
22:15:00,0.8333333333333334,0.8333333333333334,0.7083333333333334,0.7916666666666666,0.75,0.9166666666666666,0.875
22:30:00,0.9166666666666666,0.9166666666666666,0.8333333333333334,0.8333333333333334,0.7916666666666666,0.9583333333333334,0.875
22:45:00,0.9583333333333334,0.9166666666666666,0.8333333333333334,0.875,0.8333333333333334,0.9583333333333334,0.9166666666666666
23:00:00,0.9583333333333334,0.9583333333333334,0.9166666666666666,0.9583333333333334,0.8333333333333334,0.9583333333333334,0.9166666666666666
23:15:00,0.9583333333333334,0.9583333333333334,0.9166666666666666,0.9583333333333334,0.8333333333333334,1.0,0.9166666666666666
23:30:00,0.9583333333333334,1.0,0.9583333333333334,0.9583333333333334,0.875,1.0,0.9166666666666666
23:45:00,0.9583333333333334,1.0,0.9583333333333334,0.9583333333333334,0.875,1.0,1.0
