"Device","Type","n_participants"
"Sense 2","TRACKER",1789
"MobileTrack","TRACKER",932
"Charge 5","TRACKER",263
"Inspire 2","TRACKER",75
"Charge 2","TRACKER",73
"Versa 2","TRACKER",72
"Charge 4","TRACKER",54
"Charge HR","TRACKER",53
"Alta HR","TRACKER",49
"Flex","TRACKER",49
"Sense","TRACKER",41
"Charge 3","TRACKER",38
"Aria","SCALE",37
"Luxe","TRACKER",36
"Versa 3","TRACKER",36
"Alta","TRACKER",34
"Versa 4","TRACKER",33
"Inspire HR","TRACKER",32
"Inspire 3","TRACKER",31
"Versa","TRACKER",27
"Zip","TRACKER",27
"Aria Air","SCALE",26
"One","TRACKER",25
"Blaze","TRACKER",22
"Flex 2","TRACKER",16
"Google Pixel Watch","TRACKER",15
"Charge","TRACKER",14
"Aria 2","SCALE",13
"Inspire","TRACKER",10
"Charge 6","TRACKER",9
"Versa Lite","TRACKER",8
"Ionic","TRACKER",7
"Surge","TRACKER",7
"Google Pixel Watch 2","TRACKER",4
"Ace 2","TRACKER",2
"Classic","TRACKER",2
"Ultra","TRACKER",2
"Ace","TRACKER",1
