"dataset","n_records"
"dataset_fitbitintradaycombined",8067524370
"dataset_healthkitv2samples",151974928
"dataset_healthkitv2heartbeat_subsamples",46248298
"dataset_healthkitv2electrocardiogram_subsamples",21667305
"dataset_fitbitsleeplogs_sleeplogdetails",14768441
"dataset_fitbitecg_waveformsamples",13727760
"dataset_healthkitv2statistics",5610811
"dataset_googlefitsamples",4449390
"dataset_fitbitdailydata",1334933
"dataset_healthkitv2heartbeat",816727
"dataset_fitbitrestingheartrates",421189
"dataset_fitbitsleeplogs",409135
"dataset_healthkitv2workouts_events",301985
"dataset_fitbitdevices",292548
"dataset_fitbitactivitylogs",256240
"dataset_healthkitv2activitysummaries",154864
"dataset_symptomlog_value_symptoms",110123
"dataset_healthkitv2workouts",108328
"dataset_symptomlog_value_treatments",40718
"dataset_symptomlog",24179
"dataset_enrolledparticipants_customfields_symptoms",8881
"dataset_enrolledparticipants",6232
"dataset_enrolledparticipants_customfields_treatments",2204
"dataset_fitbitecg",1831
"dataset_healthkitv2electrocardiogram",1417
