"Source","n_participants"
"com.apple.health",970
"iPhone15,2",117
"iPhone14,5",116
"iPhone12,1",89
"iPhone14,2",80
"com.peloton.pelotonapp",79
"iPhone14,3",76
"iPhone15,3",73
"iPhone13,2",72
"iPhone13,3",61
"Watch6,6",57
"Watch6,1",54
"Watch6,14",51
"com.myfitnesspal.mfp",50
"iPhone14,7",48
"Watch5,9",45
"Watch6,3",44
"iPhone11,8",43
"iPhone16,1",43
"iPhone16,2",39
"iPhone13,4",37
"Watch3,3",36
"iPhone14,4",36
"com.ouraring.oura",33
"iPhone13,1",33
"Watch5,1",31
"com.garmin.connect.mobile",31
"Watch6,7",30
"Watch6,16",29
"iPhone12,8",29
"com.strava.stravaride",28
"Watch6,8",27
"com.withings.wiscaleng",27
"iPhone12,5",27
"Watch6,2",26
"Withings Scale",26
"Watch6,17",25
"Watch5,3",24
"Watch6,18",24
"Watch6,15",23
"com.noom.wlc",23
"com.qnniu.renpho",23
"iPhone14,6",23
"com.omronhealthcare.omronconnect",22
"Watch4,3",21
"Watch7,1",21
"Watch4,1",20
"Watch5,11",20
"Watch6,9",20
"iPhone12,3",20
"Watch3,4",18
"Watch5,2",18
"Watch6,10",18
"Watch6,4",18
"com.fitnow.loseit",18
"com.renpho.health",18
"iPhone15,4",17
"iPhone14,8",16
"Watch5,4",15
"com.lexwarelabs.goodmorning",15
"com.orangetheoryfitness.orangetheory",15
"Withings Blood Pressure Monitor",13
"com.nike.nikeplus-gps",13
"Watch3,2",12
"Withings Tracker",12
"Watch4,2",11
"Watch7,2",11
"iPhone11,2",11
"iPhone11,6",11
"Watch5,12",10
"Watch7,3",10
"Watch4,4",9
"Watch5,10",9
"Watch6,12",9
"Watch7,5",9
"com.ihealthlabs.myvitalspro",9
"com.yolanda.fitindex",9
"Watch3,1",8
"com.alivecor.professional.aliveecg",8
"Watch6,13",7
"com.alltrails.alltrails",7
"com.etekcity.vesyncplatform",7
"com.getqardio.qardio",7
"com.whoop.iphone",7
"gen.tech.betterme",7
"iPhone10,1",7
"iPhone10,2",7
"iPhone10,3",7
"iPhone10,6",7
"org.iggymedia.periodtracker",7
"Watch7,4",6
"com.consumedbycode.slopes",6
"com.gurus.weight",6
"com.mprapps.syncfitbit",6
"com.mynetdiary.mynetdiary",6
"com.welltory.client",6
"iPhone9,2",6
"Watch2,3",5
"com.dexcom.g6",5
"com.fitbod",5
"com.hualai.wyzecam",5
"com.ihealthlabs.ihealth",5
"com.motivateco.hubway",5
"com.omadahealth.prevent",5
"com.planetfitness.lunkinator",5
"iPhone10,4",5
"iPhone9,1",5
"Watch6,11",4
"com.ascensia.contour.us",4
"com.bickster.myfitnesssync",4
"com.concept2.ergdata",4
"com.courtneycircle.radiant",4
"com.dexcom.g7app",4
"com.fitonapp.fiton",4
"com.hdidi.fitsync",4
"com.huami.watch",4
"com.kinsahealth.kinsa-polaris",4
"com.lifescan.reveal",4
"com.qingniu.arboleaf",4
"com.sillens.ishape",4
"com.tonal.mobile",4
"com.touchberry.powersync",4
"cronometer-gold",4
"hrm.fitme",4
"myndarc.newfitnessapp",4
"cn.fitdays.fitdays",3
"co.yogabuddhi.yogabuddhi",3
"com.amapps.simple",3
"com.coach.zing",3
"com.elitehrv.app",3
"com.handa.dafit",3
"com.hello-do.hello-heart-hp",3
"com.yunmai.en.scale",3
"fi.polar.polarflow",3
"iPhone15,5",3
"iPhone8,2",3
"q5awl8wcy6.imapmywalkfree",3
"runkeeperpro",3
"Watch2,6",2
"Watch2,7",2
"cn.com.viatom.vihealth",2
"com.amazing.apps.calorie.tracker",2
"com.amplified.scanathome",2
"com.apple.shortcuts",2
"com.conair.weightwatchers",2
"com.davetech.habit",2
"com.dmdbrands.balancehealth",2
"com.eightsleep.eight",2
"com.emay.oximeter",2
"com.heartmath.balance",2
"com.herzbergdevelopment.easyfit-calorie-counter",2
"com.ifit.wolf",2
"com.ifttt.ifttt",2
"com.itmptech.becolorado",2
"com.kingsmith.xiaojin",2
"com.lifefitness.lfconnect",2
"com.littlegreensoftware.heartstar",2
"com.masimo.merlin",2
"com.mysugr.companion.mysugr",2
"com.oceanwing.z.smarthome",2
"com.starfit.starfit",2
"com.trainerize.trainerize",2
"com.wahoofitness.fisicafitness",2
"com.withings.tempo",2
"fi.polar.polarbeat",2
"hrv4training",2
"iPhone9,3",2
"jp.airwire.bpplus",2
"q5awl8wcy6.imapmyrun",2
"ru.axiommobile.kettlebell",2
"uk.co.smokycatsoftware.heartratetracker",2
"",1
"Watch1,1",1
"Watch2,4",1
"ch.asthma-tracker",1
"co.vimo.vimotrack",1
"com.3dinnovations.deskcycle",1
"com.amazingapps.fasting",1
"com.app.gescale",1
"com.app.threesixty",1
"com.apple.bedditsleepmonitor",1
"com.apple.nanoheartrhythm",1
"com.apple.siri",1
"com.asanayoga.asanarebel",1
"com.athletearchitect.stryd",1
"com.azumio.iphone.argus",1
"com.beachbody.bod",1
"com.beurer.connect.healthcoach",1
"com.biggerfive.kid",1
"com.biostrap.biostrap",1
"com.body.temperature.app",1
"com.btang.thermometer",1
"com.bytechny.b-well",1
"com.caliberfitness.app",1
"com.cameronchow.strong",1
"com.cardiio.cardiio.iphone",1
"com.circlemedical.circlemedicalpatient",1
"com.core-tech-fitness.tempo",1
"com.corecoders.skitracks",1
"com.coros.coros",1
"com.crossforward.workoutplusplus",1
"com.deltaband.deltabandbeta",1
"com.demandmedia.calorietrackerlite",1
"com.digidoctech.pulse-oximeter",1
"com.dream4today.heartrate.pro",1
"com.dyaco.fitnesssole2",1
"com.eurekadesignsolutions.motifit",1
"com.fisikal.member.trxshop",1
"com.fitiv.syncfitbit",1
"com.fooducate.fooducatenutritionapp",1
"com.fullpower.t2smartbed",1
"com.funnmedia.calory",1
"com.g-plans",1
"com.gallowaydigital.galloway",1
"com.general2k.jyoupro",1
"com.gpapps.ptrackerlite",1
"com.grailr.carrotfit",1
"com.grinasys.walkingfree",1
"com.healthcenter.movinglife",1
"com.hp.pregnancyiphonelite",1
"com.icareforyou.shining",1
"com.inbody.inbody2014",1
"com.inevifit.powercloudneutral.cc",1
"com.innodiets.joggo",1
"com.lifesense.meraw",1
"com.livongo.livongoios",1
"com.mapmyfitness.mapmydogwalk",1
"com.microlife.microlifehealthplusmlu",1
"com.motionmetrics.carv",1
"com.mydario.dario",1
"com.nautilus.bowflex",1
"com.nautilus.etw",1
"com.netpulse.ymcaofthecapitalarea",1
"com.nike.niketrainingclub",1
"com.nutritionfacts.dailydozen",1
"com.onemedical.onemedicalmobile",1
"com.oneothergame.workout-for-older-adults-app",1
"com.performancephones.speedcoach.010101",1
"com.pixelforcesystems.sweatwithkayla",1
"com.pogopatterns.patterns",1
"com.pushpress.timer",1
"com.qingniu.feelfit",1
"com.qingniu.loftillaplus",1
"com.refinemirror.themirror",1
"com.runloop.seconds.free",1
"com.shotzoom.tourcaddie",1
"com.simonpersson.repsapp",1
"com.simonstrudwick.weigh-in",1
"com.sonova.phonak.dsapp",1
"com.spirometry.sara",1
"com.spirometry.smartone",1
"com.tantsissa.heartbeat",1
"com.topstep.fitcloudpro",1
"com.toursprung.bikemap",1
"com.turbotek2.runcline",1
"com.ultrahuman.ios",1
"com.uniquebitsllc.nonetorun",1
"com.wahoofitness.bica",1
"com.wahoofitness.runfit",1
"com.welchallyn.home",1
"com.wikiloc.wikiloc",1
"com.xiaomi.miwatch.pro",1
"com.yazio.ios.yazio",1
"com.youate.ate",1
"com.zamalabs.fitbit.toapplehealth",1
"com.zenlabs.c25kfree",1
"com.zwift.zwift",1
"com.zwift.zwiftgame",1
"eu.ea-lab.niosh",1
"gzheart.gztech",1
"hm.wristband",1
"iPhone7,1",1
"iPhone7,2",1
"iPhone8,1",1
"iPhone8,4",1
"iPhone9,4",1
"ios.myketo.app",1
"jp.airwire.thermowatchplus",1
"net.target50.interval-timer",1
"q5awl8wcy6.imapmyfitness",1
"ru.axiommobile.dumbbells",1
"si.modula.instantheartrate",1
NA,1
