"DeviceModel","DeviceType","n_participants"
NA,NA,175
"Pixel 7 Pro","PHONE",12
"SM-S918U","PHONE",10
"Pixel 6","PHONE",9
"Pixel 6a","PHONE",9
"SM-S908U","PHONE",8
"SM-G998U","PHONE",8
"SM-S901U","PHONE",8
"Pixel 7","PHONE",8
"SM-S911U","PHONE",5
"Pixel 6 Pro","PHONE",5
"SM-G991U","PHONE",5
"moto g stylus 5G (2022)","PHONE",5
"SM-G975U1","PHONE",4
"SM-S916U","PHONE",4
"SM-G973U1","PHONE",4
"SM-F711U","PHONE",3
"SM-S908U1","PHONE",3
"Pixel 5","PHONE",3
"Pixel 5a","PHONE",3
"SM-N981U","PHONE",3
"Pixel 7a","PHONE",3
"SM-N986U","PHONE",3
"SM-A326U","PHONE",3
"SM-A146U","PHONE",3
"SM-A136U","PHONE",2
"SM-G973U","PHONE",2
"SM-F721U","PHONE",2
"Pixel 4a","PHONE",2
"SM-F936U","PHONE",2
"SM-S906U","PHONE",2
"SM-G996U","PHONE",2
"SM-G781U","PHONE",2
"SM-G781U1","PHONE",2
"SM-G990U2","PHONE",2
"SM-S928U","PHONE",2
"SM-A516U","PHONE",2
"SM-R860","WATCH",2
"SM-G970U1","PHONE",2
"SM-S918U1","PHONE",2
"Pixel 8 Pro","PHONE",1
"SM-G986U","PHONE",1
"moto g power","PHONE",1
"iphone","PHONE",1
"Pixel 3a","PHONE",1
"ONEPLUS A6013","PHONE",1
"DE2118","PHONE",1
"SM-G981U1","PHONE",1
"SM-S911U1","PHONE",1
"LM-Q710(FGN)","PHONE",1
"SM-R870","WATCH",1
"TMAF035G","PHONE",1
"SM-A716U1","PHONE",1
"Julianna HR","WATCH",1
"SM-S711U","PHONE",1
"SM-S901U1","PHONE",1
"hatch","TABLET",1
"moto g power (2022)","PHONE",1
"T768O","PHONE",1
"N1374DL","PHONE",1
"SM-F731U1","PHONE",1
"SM-A536U1","PHONE",1
"CPH2515","PHONE",1
"moto g stylus","PHONE",1
"Google Pixel Watch","WATCH",1
"Pixel 8","PHONE",1
"GM1915","PHONE",1
"SM-R910","WATCH",1
"SM-N975U","PHONE",1
"SM-A515U1","PHONE",1
"Fossil Sport","WATCH",1
"SM-G981U","PHONE",1
"SM-G990U","PHONE",1
"SM-R885U","WATCH",1
"SM-G781V","PHONE",1
"SM-R900","WATCH",1
"SM-P610","TABLET",1
"SM-F731U","PHONE",1
"motorola edge 5G UW (2021)","PHONE",1
"SM-R925U","WATCH",1
"SM-G970U","PHONE",1
"SM-G991U1","PHONE",1
"SM-R875U","WATCH",1
"SM-T870","TABLET",1
"SM-A215U","PHONE",1
"GN2200","PHONE",1
"SM-F721U1","PHONE",1
"SM-A037U","PHONE",1
"LM-G710VM","PHONE",1
"moto g power (XT2041DL)","PHONE",1
"SM-A526U1","PHONE",1
"SM-G975U","PHONE",1
"moto g pure","PHONE",1
"SM-G780G","PHONE",1
"TMAF025G","PHONE",1
"motorola one 5G ace","PHONE",1
"moto g stylus 5G","PHONE",1
"motorola edge plus 2023","PHONE",1
"SM-T550","TABLET",1
"HD1905","PHONE",1
"moto z3","PHONE",1
"motorola edge (2022)","PHONE",1
"SM-N986U1","PHONE",1
"moto x4","PHONE",1
"SM-X200","TABLET",1
"Q Venture HR","WATCH",1
"SM-T227U","TABLET",1
"SM-G986U1","PHONE",1
"Pixel 3","PHONE",1
