date,0,1,2,3,4,5,6,7,8,9,10,11,12,13,14,15,16,17,18,19,20,21,22,23
2023-08-20,193.0,186.5,186.5,186.5,199.0,183.5,190.5,187.5,197.0,254.0,238.5,173.0,216.0,219.0,207.0,173.5,174.5,176.5,187.0,198.5,184.5,199.5,174.0,180.5
2023-08-21,181.5,170.0,189.5,179.0,206.0,206.5,200.5,205.0,206.5,219.0,193.5,190.5,205.0,198.0,205.5,195.5,207.5,188.0,179.5,193.0,95.0,60.0,179.5,177.5
2023-08-22,186.0,194.0,187.5,179.5,171.0,193.0,200.0,198.0,192.0,268.5,227.5,215.5,210.0,204.5,211.0,220.5,163.0,203.0,196.0,195.0,196.5,203.5,189.0,175.0
2023-08-23,196.0,185.0,179.5,198.0,180.5,164.5,186.5,205.0,220.5,196.0,226.5,236.5,227.0,207.0,217.0,203.5,166.5,186.5,196.5,197.0,208.0,195.0,176.5,186.0
2023-08-24,189.5,192.5,167.5,200.0,193.0,170.5,204.0,198.5,216.5,297.5,233.5,237.0,223.5,213.0,210.0,170.0,191.5,189.5,183.0,188.5,181.0,194.5,194.5,159.0
2023-08-25,201.5,173.0,185.5,182.0,188.0,181.5,162.5,0.0,0.0,139.5,254.0,172.0,205.5,203.5,187.0,216.0,216.0,230.0,237.0,209.5,207.0,184.0,195.5,208.5
2023-08-26,184.5,188.5,183.0,192.5,173.5,184.0,180.5,206.5,197.5,248.5,254.5,220.5,223.5,216.5,206.5,198.0,190.5,191.5,226.5,29.5,0.0,0.0,0.0,0.0
2023-08-27,0.0,0.0,0.0,0.0,0.0,0.0,0.0,0.0,0.0,0.0,0.0,115.5,186.0,203.5,186.0,174.5,192.0,189.5,189.5,192.0,174.5,174.0,157.5,172.5
2023-08-28,188.5,179.5,195.0,184.5,182.0,186.0,187.0,208.5,203.0,196.0,217.0,144.5,0.0,132.5,252.5,277.0,174.0,0.0,0.0,0.0,0.0,0.0,0.0,0.0
2023-08-29,0.0,0.0,0.0,0.0,0.0,0.0,0.0,0.0,130.0,270.5,231.5,257.5,60.0,225.5,208.0,185.0,194.0,191.5,186.5,186.5,196.0,189.5,202.5,168.0
2023-08-30,175.0,194.0,188.5,177.5,215.5,219.5,227.0,213.5,219.5,218.0,221.0,243.0,238.5,243.0,227.0,200.5,163.0,187.0,169.0,185.5,190.5,173.5,200.5,171.5
2023-08-31,197.5,180.0,195.0,199.0,200.5,158.0,170.5,195.5,200.5,195.0,189.5,189.5,212.5,192.0,190.0,176.0,149.5,199.5,212.0,194.5,177.5,176.0,181.0,179.5
